scope,language_group,target,pairs,resolved_rate_v2,resolved_rate_v3,delta
target,,ACL,4407,0.6582709326072158,0.6898116632629907,0.031540730655774896
target,,Baker's,4407,0.3818924438393465,0.41524846834581347,0.033356024506466964
target,,Contusion,4407,0.16904923984570003,0.18311776718856365,0.014068527342863624
target,,Effusion,4407,0.7680962105740867,0.8003176764238711,0.03222146584978436
target,,Fracture,4407,0.18606761969593827,0.18924438393464943,0.0031767642387111605
target,,Lateral Meniscus,4407,0.6927615157703654,0.7131835715906513,0.02042205582028589
target,,Lateral OA,4407,0.2500567279328341,0.2536873156342183,0.0036305877013841914
target,,MCL,4407,0.6047197640117994,0.6959382800090764,0.09121851599727704
target,,Medial Meniscus,4407,0.7170410710233719,0.7467665078284548,0.029725436805082883
target,,Medial OA,4407,0.25051055139550715,0.2838665759019741,0.033356024506466964
target,,PF OA,4407,0.3648740639891082,0.4263671431813025,0.06149307919219427
target,,Synovitis,4407,0.11277513047424552,0.11504424778761062,0.002269117313365099
language_group,cyrillic_script,,2640,0.33181818181818185,0.36363636363636365,0.0318181818181818
language_group,dutch,,1836,0.35294117647058826,0.43137254901960786,0.0784313725490196
language_group,english,,20688,0.5320475638051044,0.5554427687548337,0.023395204949729242
language_group,french,,960,0.50625,0.5354166666666667,0.029166666666666674
language_group,german,,3108,0.36293436293436293,0.3729086229086229,0.009974259974259991
language_group,greek_script,,3852,0.29231568016614745,0.31905503634475596,0.02673935617860851
language_group,latin_other,,264,0.4583333333333333,0.4772727272727273,0.018939393939393978
language_group,south_slavic,,4836,0.38461538461538464,0.4665012406947891,0.08188585607940446
language_group,spanish,,8136,0.3990904621435595,0.4033923303834808,0.004301868239921347
language_group,turkish,,6564,0.3388177940280317,0.3785801340645948,0.03976234003656309
language_group+target,cyrillic_script,ACL,220,0.8454545454545455,0.85,0.004545454545454519
language_group+target,cyrillic_script,Baker's,220,0.2409090909090909,0.2409090909090909,0.0
language_group+target,cyrillic_script,Contusion,220,0.0,0.08636363636363636,0.08636363636363636
language_group+target,cyrillic_script,Effusion,220,0.95,0.95,0.0
language_group+target,cyrillic_script,Fracture,220,0.1,0.1,0.0
language_group+target,cyrillic_script,Lateral Meniscus,220,0.5454545454545454,0.5454545454545454,0.0
language_group+target,cyrillic_script,Lateral OA,220,0.01818181818181818,0.01818181818181818,0.0
language_group+target,cyrillic_script,MCL,220,0.5363636363636364,0.5363636363636364,0.0
language_group+target,cyrillic_script,Medial Meniscus,220,0.7363636363636363,0.7363636363636363,0.0
language_group+target,cyrillic_script,Medial OA,220,0.004545454545454545,0.022727272727272728,0.01818181818181818
language_group+target,cyrillic_script,PF OA,220,0.0,0.2727272727272727,0.2727272727272727
language_group+target,cyrillic_script,Synovitis,220,0.004545454545454545,0.004545454545454545,0.0
language_group+target,dutch,ACL,153,0.803921568627451,0.803921568627451,0.0
language_group+target,dutch,Baker's,153,0.30718954248366015,0.35947712418300654,0.052287581699346386
language_group+target,dutch,Contusion,153,0.032679738562091505,0.032679738562091505,0.0
language_group+target,dutch,Effusion,153,0.7254901960784313,0.7254901960784313,0.0
language_group+target,dutch,Fracture,153,0.0784313725490196,0.0784313725490196,0.0
language_group+target,dutch,Lateral Meniscus,153,0.6535947712418301,0.6666666666666666,0.013071895424836555
language_group+target,dutch,Lateral OA,153,0.0392156862745098,0.26143790849673204,0.22222222222222224
language_group+target,dutch,MCL,153,0.4444444444444444,0.4444444444444444,0.0
language_group+target,dutch,Medial Meniscus,153,0.738562091503268,0.7973856209150327,0.05882352941176472
language_group+target,dutch,Medial OA,153,0.058823529411764705,0.39869281045751637,0.33986928104575165
language_group+target,dutch,PF OA,153,0.3137254901960784,0.5686274509803921,0.2549019607843137
language_group+target,dutch,Synovitis,153,0.0392156862745098,0.0392156862745098,0.0
language_group+target,english,ACL,1724,0.8329466357308585,0.8428074245939675,0.009860788863109038
language_group+target,english,Baker's,1724,0.40835266821345706,0.41183294663573083,0.003480278422273775
language_group+target,english,Contusion,1724,0.3265661252900232,0.3329466357308585,0.006380510440835263
language_group+target,english,Effusion,1724,0.8329466357308585,0.8335266821345708,0.0005800464037123421
language_group+target,english,Fracture,1724,0.3323665893271462,0.3323665893271462,0.0
language_group+target,english,Lateral Meniscus,1724,0.7685614849187935,0.7697215777262181,0.001160092807424573
language_group+target,english,Lateral OA,1724,0.3810904872389791,0.38689095127610207,0.0058004640371229765
language_group+target,english,MCL,1724,0.6090487238979119,0.7952436194895591,0.18619489559164726
language_group+target,english,Medial Meniscus,1724,0.7900232018561485,0.7917633410672854,0.0017401392111369152
language_group+target,english,Medial OA,1724,0.3625290023201856,0.3996519721577726,0.037122969837587005
language_group+target,english,PF OA,1724,0.5614849187935035,0.589907192575406,0.02842227378190254
language_group+target,english,Synovitis,1724,0.17865429234338748,0.17865429234338748,0.0
language_group+target,french,ACL,80,0.7,0.7125,0.012500000000000067
language_group+target,french,Baker's,80,0.9875,0.9875,0.0
language_group+target,french,Contusion,80,0.0875,0.0875,0.0
language_group+target,french,Effusion,80,0.9875,0.9875,0.0
language_group+target,french,Fracture,80,0.425,0.4375,0.012500000000000011
language_group+target,french,Lateral Meniscus,80,0.8125,0.8625,0.050000000000000044
language_group+target,french,Lateral OA,80,0.1625,0.1625,0.0
language_group+target,french,MCL,80,0.475,0.7625,0.2875
language_group+target,french,Medial Meniscus,80,0.775,0.825,0.04999999999999993
language_group+target,french,Medial OA,80,0.2125,0.2,-0.012499999999999983
language_group+target,french,PF OA,80,0.3375,0.2875,-0.050000000000000044
language_group+target,french,Synovitis,80,0.1125,0.1125,0.0
language_group+target,german,ACL,259,0.5984555984555985,0.5984555984555985,0.0
language_group+target,german,Baker's,259,0.2702702702702703,0.2702702702702703,0.0
language_group+target,german,Contusion,259,0.2857142857142857,0.2857142857142857,0.0
language_group+target,german,Effusion,259,0.61003861003861,0.6138996138996139,0.0038610038610038533
language_group+target,german,Fracture,259,0.15444015444015444,0.19305019305019305,0.038610038610038616
language_group+target,german,Lateral Meniscus,259,0.5598455598455598,0.6293436293436293,0.06949806949806947
language_group+target,german,Lateral OA,259,0.27413127413127414,0.11196911196911197,-0.16216216216216217
language_group+target,german,MCL,259,0.5173745173745173,0.5173745173745173,0.0
language_group+target,german,Medial Meniscus,259,0.44015444015444016,0.5675675675675675,0.12741312741312738
language_group+target,german,Medial OA,259,0.2625482625482625,0.12355212355212356,-0.13899613899613897
language_group+target,german,PF OA,259,0.3667953667953668,0.5096525096525096,0.14285714285714285
language_group+target,german,Synovitis,259,0.015444015444015444,0.05405405405405406,0.038610038610038616
language_group+target,greek_script,ACL,321,0.4423676012461059,0.4485981308411215,0.006230529595015577
language_group+target,greek_script,Baker's,321,0.32398753894080995,0.32710280373831774,0.0031152647975077885
language_group+target,greek_script,Contusion,321,0.11214953271028037,0.16199376947040497,0.0498442367601246
language_group+target,greek_script,Effusion,321,0.7445482866043613,0.778816199376947,0.034267912772585674
language_group+target,greek_script,Fracture,321,0.14018691588785046,0.14018691588785046,0.0
language_group+target,greek_script,Lateral Meniscus,321,0.38317757009345793,0.40186915887850466,0.01869158878504673
language_group+target,greek_script,Lateral OA,321,0.14018691588785046,0.12461059190031153,-0.015576323987538929
language_group+target,greek_script,MCL,321,0.411214953271028,0.4174454828660436,0.006230529595015577
language_group+target,greek_script,Medial Meniscus,321,0.5420560747663551,0.5607476635514018,0.01869158878504673
language_group+target,greek_script,Medial OA,321,0.13395638629283488,0.1838006230529595,0.049844236760124616
language_group+target,greek_script,PF OA,321,0.04361370716510903,0.19314641744548286,0.14953271028037382
language_group+target,greek_script,Synovitis,321,0.09034267912772585,0.09034267912772585,0.0
language_group+target,latin_other,ACL,22,0.8181818181818182,0.8636363636363636,0.045454545454545414
language_group+target,latin_other,Baker's,22,0.45454545454545453,0.45454545454545453,0.0
language_group+target,latin_other,Contusion,22,0.0,0.0,0.0
language_group+target,latin_other,Effusion,22,0.7727272727272727,0.7727272727272727,0.0
language_group+target,latin_other,Fracture,22,0.18181818181818182,0.18181818181818182,0.0
language_group+target,latin_other,Lateral Meniscus,22,0.8181818181818182,0.8636363636363636,0.045454545454545414
language_group+target,latin_other,Lateral OA,22,0.2727272727272727,0.2727272727272727,0.0
language_group+target,latin_other,MCL,22,0.7727272727272727,0.8181818181818182,0.045454545454545525
language_group+target,latin_other,Medial Meniscus,22,0.6363636363636364,0.7272727272727273,0.09090909090909094
language_group+target,latin_other,Medial OA,22,0.2727272727272727,0.2727272727272727,0.0
language_group+target,latin_other,PF OA,22,0.3181818181818182,0.3181818181818182,0.0
language_group+target,latin_other,Synovitis,22,0.18181818181818182,0.18181818181818182,0.0
language_group+target,south_slavic,ACL,403,0.6178660049627791,0.8039702233250621,0.18610421836228297
language_group+target,south_slavic,Baker's,403,0.543424317617866,0.8709677419354839,0.32754342431761785
language_group+target,south_slavic,Contusion,403,0.004962779156327543,0.02729528535980149,0.022332506203473948
language_group+target,south_slavic,Effusion,403,0.8709677419354839,0.8709677419354839,0.0
language_group+target,south_slavic,Fracture,403,0.04466501240694789,0.04714640198511166,0.0024813895781637743
language_group+target,south_slavic,Lateral Meniscus,403,0.8039702233250621,0.9007444168734491,0.09677419354838701
language_group+target,south_slavic,Lateral OA,403,0.03970223325062035,0.08188585607940446,0.042183622828784115
language_group+target,south_slavic,MCL,403,0.7990074441687345,0.8287841191066998,0.02977667493796532
language_group+target,south_slavic,Medial Meniscus,403,0.607940446650124,0.7568238213399504,0.14888337468982638
language_group+target,south_slavic,Medial OA,403,0.04962779156327544,0.14392059553349876,0.09429280397022333
language_group+target,south_slavic,PF OA,403,0.22332506203473945,0.2555831265508685,0.03225806451612906
language_group+target,south_slavic,Synovitis,403,0.009925558312655087,0.009925558312655087,0.0
language_group+target,spanish,ACL,678,0.5014749262536873,0.5103244837758112,0.008849557522123908
language_group+target,spanish,Baker's,678,0.5,0.5,0.0
language_group+target,spanish,Contusion,678,0.05457227138643068,0.05457227138643068,0.0
language_group+target,spanish,Effusion,678,0.668141592920354,0.668141592920354,0.0
language_group+target,spanish,Fracture,678,0.0855457227138643,0.0855457227138643,0.0
language_group+target,spanish,Lateral Meniscus,678,0.5530973451327433,0.5530973451327433,0.0
language_group+target,spanish,Lateral OA,678,0.3746312684365782,0.37610619469026546,0.001474926253687281
language_group+target,spanish,MCL,678,0.45132743362831856,0.47050147492625366,0.019174041297935096
language_group+target,spanish,Medial Meniscus,678,0.6637168141592921,0.6637168141592921,0.0
language_group+target,spanish,Medial OA,678,0.38495575221238937,0.3864306784660767,0.0014749262536873364
language_group+target,spanish,PF OA,678,0.3952802359882006,0.415929203539823,0.020648967551622377
language_group+target,spanish,Synovitis,678,0.15634218289085547,0.15634218289085547,0.0
language_group+target,turkish,ACL,547,0.3583180987202925,0.42413162705667273,0.06581352833638021
language_group+target,turkish,Baker's,547,0.10603290676416818,0.10603290676416818,0.0
language_group+target,turkish,Contusion,547,0.038391224862888484,0.051188299817184646,0.012797074954296161
language_group+target,turkish,Effusion,547,0.6069469835466179,0.8427787934186471,0.23583180987202923
language_group+target,turkish,Fracture,547,0.025594149908592323,0.029250457038391225,0.003656307129798902
language_group+target,turkish,Lateral Meniscus,547,0.8372943327239488,0.870201096892139,0.03290676416819016
language_group+target,turkish,Lateral OA,547,0.054844606946983544,0.056672760511883,0.0018281535648994526
language_group+target,turkish,MCL,547,0.8775137111517367,0.9323583180987203,0.054844606946983565
language_group+target,turkish,Medial Meniscus,547,0.8482632541133455,0.8738574040219378,0.025594149908592323
language_group+target,turkish,Medial OA,547,0.09872029250457039,0.11517367458866545,0.016453382084095067
language_group+target,turkish,PF OA,547,0.1663619744058501,0.19378427787934185,0.027422303473491755
language_group+target,turkish,Synovitis,547,0.04753199268738574,0.04753199268738574,0.0
