language_group,target,positive,negative,uncertain,unknown,pairs,resolved,resolved_rate,language_coverage_rank,target_coverage_rank
greek_script,Synovitis,29,0,0,292,321,29,0.09034267912772585,1,1
greek_script,Contusion,52,0,0,269,321,52,0.16199376947040497,1,2
greek_script,Fracture,43,2,0,276,321,45,0.14018691588785046,1,3
greek_script,Lateral OA,28,12,0,281,321,40,0.12461059190031153,1,4
greek_script,Medial OA,50,9,0,262,321,59,0.1838006230529595,1,5
greek_script,Baker's,105,0,0,216,321,105,0.32710280373831774,1,6
greek_script,PF OA,54,8,0,259,321,62,0.19314641744548286,1,7
greek_script,ACL,59,85,0,177,321,144,0.4485981308411215,1,8
greek_script,MCL,14,120,0,187,321,134,0.4174454828660436,1,9
greek_script,Lateral Meniscus,55,74,0,192,321,129,0.40186915887850466,1,10
greek_script,Medial Meniscus,123,57,0,141,321,180,0.5607476635514018,1,11
greek_script,Effusion,216,34,0,71,321,250,0.778816199376947,1,12
cyrillic_script,Synovitis,1,0,0,219,220,1,0.004545454545454545,2,1
cyrillic_script,Contusion,19,0,0,201,220,19,0.08636363636363636,2,2
cyrillic_script,Fracture,13,9,0,198,220,22,0.1,2,3
cyrillic_script,Lateral OA,1,3,0,216,220,4,0.01818181818181818,2,4
cyrillic_script,Medial OA,4,1,0,215,220,5,0.022727272727272728,2,5
cyrillic_script,Baker's,53,0,0,167,220,53,0.2409090909090909,2,6
cyrillic_script,PF OA,10,50,0,160,220,60,0.2727272727272727,2,7
cyrillic_script,ACL,37,150,0,33,220,187,0.85,2,8
cyrillic_script,MCL,0,118,0,102,220,118,0.5363636363636364,2,9
cyrillic_script,Lateral Meniscus,24,96,0,100,220,120,0.5454545454545454,2,10
cyrillic_script,Medial Meniscus,142,20,0,58,220,162,0.7363636363636363,2,11
cyrillic_script,Effusion,134,75,0,11,220,209,0.95,2,12
german,Synovitis,13,1,0,245,259,14,0.05405405405405406,3,1
german,Contusion,33,41,0,185,259,74,0.2857142857142857,3,2
german,Fracture,2,48,0,209,259,50,0.19305019305019305,3,3
german,Lateral OA,15,14,0,230,259,29,0.11196911196911197,3,4
german,Medial OA,24,8,0,227,259,32,0.12355212355212356,3,5
german,Baker's,67,3,0,189,259,70,0.2702702702702703,3,6
german,PF OA,75,57,0,127,259,132,0.5096525096525096,3,7
german,ACL,3,152,0,104,259,155,0.5984555984555985,3,8
german,MCL,5,129,1,124,259,134,0.5173745173745173,3,9
german,Lateral Meniscus,28,135,4,92,259,163,0.6293436293436293,3,10
german,Medial Meniscus,60,87,5,107,259,147,0.5675675675675675,3,11
german,Effusion,112,47,0,100,259,159,0.6138996138996139,3,12
turkish,Synovitis,26,0,0,521,547,26,0.04753199268738574,4,1
turkish,Contusion,28,0,2,517,547,28,0.051188299817184646,4,2
turkish,Fracture,16,0,4,527,547,16,0.029250457038391225,4,3
turkish,Lateral OA,31,0,0,516,547,31,0.056672760511883,4,4
turkish,Medial OA,63,0,0,484,547,63,0.11517367458866545,4,5
turkish,Baker's,58,0,0,489,547,58,0.10603290676416818,4,6
turkish,PF OA,100,6,0,441,547,106,0.19378427787934185,4,7
turkish,ACL,180,52,2,313,547,232,0.42413162705667273,4,8
turkish,MCL,101,409,0,37,547,510,0.9323583180987203,4,9
turkish,Lateral Meniscus,192,284,2,69,547,476,0.870201096892139,4,10
turkish,Medial Meniscus,366,112,1,68,547,478,0.8738574040219378,4,11
turkish,Effusion,332,129,0,86,547,461,0.8427787934186471,4,12
spanish,Synovitis,102,4,0,572,678,106,0.15634218289085547,5,1
spanish,Contusion,37,0,0,641,678,37,0.05457227138643068,5,2
spanish,Fracture,52,6,2,618,678,58,0.0855457227138643,5,3
spanish,Lateral OA,74,181,0,423,678,255,0.37610619469026546,5,4
spanish,Medial OA,91,171,0,416,678,262,0.3864306784660767,5,5
spanish,Baker's,88,251,5,334,678,339,0.5,5,6
spanish,PF OA,85,197,0,396,678,282,0.415929203539823,5,7
spanish,ACL,53,293,1,331,678,346,0.5103244837758112,5,8
spanish,MCL,43,276,1,358,678,319,0.47050147492625366,5,9
spanish,Lateral Meniscus,124,251,2,301,678,375,0.5530973451327433,5,10
spanish,Medial Meniscus,230,220,6,222,678,450,0.6637168141592921,5,11
spanish,Effusion,282,171,0,225,678,453,0.668141592920354,5,12
dutch,Synovitis,6,0,0,147,153,6,0.0392156862745098,6,1
dutch,Contusion,5,0,0,148,153,5,0.032679738562091505,6,2
dutch,Fracture,4,8,1,140,153,12,0.0784313725490196,6,3
dutch,Lateral OA,12,28,0,113,153,40,0.26143790849673204,6,4
dutch,Medial OA,35,26,0,92,153,61,0.39869281045751637,6,5
dutch,Baker's,54,1,0,98,153,55,0.35947712418300654,6,6
dutch,PF OA,64,23,2,64,153,87,0.5686274509803921,6,7
dutch,ACL,25,98,1,29,153,123,0.803921568627451,6,8
dutch,MCL,4,64,0,85,153,68,0.4444444444444444,6,9
dutch,Lateral Meniscus,18,84,2,49,153,102,0.6666666666666666,6,10
dutch,Medial Meniscus,60,62,1,30,153,122,0.7973856209150327,6,11
dutch,Effusion,91,20,1,41,153,111,0.7254901960784313,6,12
south_slavic,Synovitis,4,0,0,399,403,4,0.009925558312655087,7,1
south_slavic,Contusion,11,0,1,391,403,11,0.02729528535980149,7,2
south_slavic,Fracture,16,3,2,382,403,19,0.04714640198511166,7,3
south_slavic,Lateral OA,32,1,0,370,403,33,0.08188585607940446,7,4
south_slavic,Medial OA,57,1,0,345,403,58,0.14392059553349876,7,5
south_slavic,Baker's,136,215,1,51,403,351,0.8709677419354839,7,6
south_slavic,PF OA,92,11,0,300,403,103,0.2555831265508685,7,7
south_slavic,ACL,161,163,31,48,403,324,0.8039702233250621,7,8
south_slavic,MCL,37,297,1,68,403,334,0.8287841191066998,7,9
south_slavic,Lateral Meniscus,151,212,5,35,403,363,0.9007444168734491,7,10
south_slavic,Medial Meniscus,221,84,26,72,403,305,0.7568238213399504,7,11
south_slavic,Effusion,265,86,2,50,403,351,0.8709677419354839,7,12
latin_other,Synovitis,2,2,0,18,22,4,0.18181818181818182,8,1
latin_other,Contusion,0,0,0,22,22,0,0.0,8,2
latin_other,Fracture,1,3,0,18,22,4,0.18181818181818182,8,3
latin_other,Lateral OA,2,4,0,16,22,6,0.2727272727272727,8,4
latin_other,Medial OA,2,4,0,16,22,6,0.2727272727272727,8,5
latin_other,Baker's,2,8,0,12,22,10,0.45454545454545453,8,6
latin_other,PF OA,5,2,0,15,22,7,0.3181818181818182,8,7
latin_other,ACL,4,15,0,3,22,19,0.8636363636363636,8,8
latin_other,MCL,4,14,0,4,22,18,0.8181818181818182,8,9
latin_other,Lateral Meniscus,2,17,0,3,22,19,0.8636363636363636,8,10
latin_other,Medial Meniscus,4,12,0,6,22,16,0.7272727272727273,8,11
latin_other,Effusion,15,2,0,5,22,17,0.7727272727272727,8,12
french,Synovitis,9,0,0,71,80,9,0.1125,9,1
french,Contusion,6,1,0,73,80,7,0.0875,9,2
french,Fracture,7,28,0,45,80,35,0.4375,9,3
french,Lateral OA,9,4,0,67,80,13,0.1625,9,4
french,Medial OA,13,3,0,64,80,16,0.2,9,5
french,Baker's,33,46,0,1,80,79,0.9875,9,6
french,PF OA,21,2,0,57,80,23,0.2875,9,7
french,ACL,12,45,1,22,80,57,0.7125,9,8
french,MCL,5,56,0,19,80,61,0.7625,9,9
french,Lateral Meniscus,19,50,0,11,80,69,0.8625,9,10
french,Medial Meniscus,47,19,1,13,80,66,0.825,9,11
french,Effusion,79,0,0,1,80,79,0.9875,9,12
english,Synovitis,294,14,8,1408,1724,308,0.17865429234338748,10,1
english,Contusion,168,406,11,1139,1724,574,0.3329466357308585,10,2
english,Fracture,95,478,31,1120,1724,573,0.3323665893271462,10,3
english,Lateral OA,234,433,0,1057,1724,667,0.38689095127610207,10,4
english,Medial OA,323,366,1,1034,1724,689,0.3996519721577726,10,5
english,Baker's,393,317,3,1011,1724,710,0.41183294663573083,10,6
english,PF OA,509,508,8,699,1724,1017,0.589907192575406,10,7
english,ACL,429,1024,14,257,1724,1453,0.8428074245939675,10,8
english,MCL,234,1137,15,338,1724,1371,0.7952436194895591,10,9
english,Lateral Meniscus,339,988,49,348,1724,1327,0.7697215777262181,10,10
english,Medial Meniscus,755,610,34,325,1724,1365,0.7917633410672854,10,11
english,Effusion,1024,413,3,284,1724,1437,0.8335266821345708,10,12
