template_mode,template_sha256,studies,inconsistent_targets
exact,03ff1c338bd8b4ecac13d4895962835ec828baed9d30a798c5f532bc13f8cd65,2,0.0
exact,06f0313d0eb70050f3bae5c87f15cf8ab36f83e9f0b511e060b19ae7f1a54cee,2,0.0
exact,128c78ba427d7e64a584baa41efd7df455a8f7af5d952d3ccc6b7653e2793a9e,2,0.0
exact,168131538410728caf96003d29b82c8bb58abd8b9d6c1e0840021ad020e7c39a,3,0.0
exact,1a7fb3022013566fbd6c1e6f5ce94be78fa579a5da2ca2bfd6e094a5e5cb4279,2,0.0
exact,1d83abf192a4e44b1e59df5bc412ffe2fc86b362943117d7c4de2003db0dc604,13,0.0
exact,20a607c0658800bf6328040f3ab15ba48387cf81f30eed987b9c3b2d6dad89d5,2,0.0
exact,217e871198e47956ce21496859cea9d22a22e88c17e59bc52147b6b24be30ea6,14,0.0
exact,258d864c3d566d825ea6430780240907c895a179f7ef1286f9f50644862f3d4b,2,0.0
exact,2ca8bdbef4a72e2286effd4cfb797b8b8e5828501d51905f41a1f2aaa0af638b,3,0.0
exact,3476be06e36ddc6730f443db9d7541d4d579e366a2ce455f5ca2239a7aa699bf,2,0.0
exact,362f5ed2ae628d983a181a64c02269cbfdb610d5057bf7f7c1abeb9710775a43,2,0.0
exact,3b2573625d2c169d375292d33a9512597c64fcc8343e256d6a3d480d9a424d09,2,0.0
exact,3fbd746a579e59aaa3ab95367db596a47f0c516acf0973c9ec4a9143e96ce7d6,3,0.0
exact,408935967c423ab89159add908d5773b48da990477a293c9040a63f04b6b06c4,2,0.0
exact,482262368b3be98115d2ee8b69cb2fcdc69e19f27740e661b1722e10d7c95908,3,0.0
exact,48b25f1718a3ba4d4818d70a275233f36456249dd2c36539929d5a40cae19616,4,0.0
exact,48f8fb9f08f40a15f7c7d7485585ca7a48c90a7dbe9105ab4154fef8f4df6bdd,2,0.0
exact,51d5aaf80cec562585dde8a82cb27296c16bac0781632dc151380901df7ce9bf,2,0.0
exact,53bac69f0b0aab51e6a665fc11a009f8e450775b59c841444a9aab4357bdd101,2,0.0
exact,56e3b02625711b5a74d3a9ed71825e19bfe108b60de5e5c9816633bf256322c8,3,0.0
exact,5c6b23caaf0d08520934081518eb3fb5168283d3c556c78040bf839abe52603f,3,0.0
exact,60b2ce57ed2ef0abf729b17f552d2f8d2856085d2c34e660778d4e24f3a222d0,5,0.0
exact,66562c16c7ef19493853e5ff258b944646fc34c1a8b5d98c30ad9483afc6c2e4,5,0.0
exact,7d645a1e8a14df00eff8acecc0f46336a2cf8977813498598c76c468a1a41cbb,6,0.0
exact,809af55155624fa23774dbbea52e171904445233a8a9e4da68ab06aff81203ba,2,0.0
exact,83a14cc9aaf798b69a912a3b15be624348e8ae7c9b6ff9c95672619e937000ae,3,0.0
exact,85427b0e53598c6ad9ffc9e977ebe96acb6bdbbc74513f29e9a635a035e1be6f,2,0.0
exact,8dc8852e52c4e78d873a41226c39b9246066180c55a150a02472525d3a0ac142,6,0.0
exact,905fc4eb9ed8a4afe33e70e7529f1b6949b726a0153ac4e385eafb3873605462,2,0.0
exact,9185b6d0532fe812b693c634b6bc67e27e905362bf20d31329fd4e07e15d29be,5,0.0
exact,96009637604d8356a2bcf3f96062c8c80d3ccc35e59ee2b319a3110a37054e76,2,0.0
exact,a1c56a029450e2027fe22bc3594cb9218e7b2ef4ee03b5eb97041da42d464032,2,0.0
exact,a42a9d74b229ce3ca90694b58fca11ca4eb4c47b3eb8be4a0615c28bbd89408d,2,0.0
exact,b453892f23328e231a3a0401ebf8cf1378a2512fa81da223f420ff5491cba203,2,0.0
exact,bbaaadc0d73cb9a50f2aaa4af35b5c785063d8869e8e6bdfd53604ca6dddb484,2,0.0
exact,c0f007f5d1364fae90f134b864343a318410e0dc02dea2c595e3c2bedccac79d,2,0.0
exact,c2f1fc1413485ff9648c8682ff11fcf3441b0ca21ae17e37295eea2eb9c95005,2,0.0
exact,c9405faf2a8c1a35c1bee6408ff6229b25a1b73bcd40a2e28388829465a4319f,2,0.0
exact,ce30eb490dd8fe47b77c9a9f76c8bf846166eebc5c0433c4435c785640dd1d8b,3,0.0
exact,d70022d8c31cafebba02503d3f20bfaea2f65898ee05ed082fc92511ebeee958,2,0.0
exact,e303676cf402832c13628fa226bb39e89f6e9966977b56c5d7cfd06075b8ae89,4,0.0
exact,e3e394a79362c2060514263cd4397a7ed83c400dc43ada0e35623d2c3145a6c6,3,0.0
exact,e6cab9b00d014cfa4f94f94f9f29e9c643b160a0312bb8cc6d18f5a776b0918c,2,0.0
exact,e94c35cd0725077d9a222cb1261d475c68e4ebda309576e67c9900a680065b53,2,0.0
exact,e9b16a2a40205732ad7624054cdc43f0b60d073d25c650487a8d58f121f9039e,2,0.0
exact,ec895c8509a9c9346eff6310cf51d91d1938a7eafa33b5ca3b8adae311f788cf,2,0.0
exact,f0187d2d99e8f3eb377bd1c4552238b345535c666291a00ffff289136011d200,5,0.0
exact,f360a4c017893f6df634ff21da098b43d7eb810eb3f2492281c3fee3c226493f,37,0.0
exact,f4cbe66d714b843ba4a5e5993590019b5c0df05ce3108c7af61b79f64ad7caeb,6,0.0
exact,fa239ac7b08097f66563efff2e47078672a4a7a358328a78b0870d193c93d4c0,2,0.0
exact,fbc4549656ec884908a0d14f9fa1372c01c88a126755e3d6fea75ef0246c5659,2,0.0
exact,fce00b1c2a6ec30535e967fbc3c2f938a627e56a76832b23628fbd4fcc78b76b,2,0.0
numeric_normalized,04508b17edffaa893e9f1aecc5b3b91395d5d8b690af961b55f3c3711d14c776,6,0.0
numeric_normalized,058273e3b142d2483d941f6e023ac8400da010fa1c1e594600cad31ed79f0b6e,3,0.0
numeric_normalized,0eb6ba7ac4ade9932a9c52263c4d922496905835a46bb7e69c5257ebb8d43508,2,0.0
numeric_normalized,0f2724d0348b57ab2601dc8333464528073c26cbe604fca617f6f3f7365fab69,2,0.0
numeric_normalized,0fadf91bdaa7d756f70d58a28b90f59aca7aa2badc53cbfe5d29692c0df24946,2,0.0
numeric_normalized,1e919613e0da1bbfeeb991fa40ed4f6b1494ba8eac54cb475ef2d2f2564d8fc3,2,0.0
numeric_normalized,22b83e6da73127d6405c744a1f58e9bf5053e9b501ba56efb4cfe690198fb490,2,0.0
numeric_normalized,2be088a7e2540bbe3b520cd7f878c8051a681962e4c12c77197a549e9c73ec71,4,0.0
numeric_normalized,2cb4193695edae956c1efa985661263f5f337180a12505137dd7d485e9aefe0b,2,0.0
numeric_normalized,2ceefa5411869d8b59e62343edbd09434fef246f33d3f07b27d5f6611fdec716,2,0.0
numeric_normalized,2e8eacb3bf30a48634d35b493d4f15c9434a465188fb854e942a8361fa316589,3,0.0
numeric_normalized,319dfc250decbf1e37bdde60b60a503ba6f1e4ebe1d54fa24f12531d9b1245f4,2,0.0
numeric_normalized,31d170fd64704982719cb9f4ffddd7a1987026f1afdaa6fce8239810b0cb3869,2,0.0
numeric_normalized,32960bcf5d034f82afc7c5d7892b05667cd3a9ba1202dfd0e6d0d904db05ada2,13,0.0
numeric_normalized,331c519f20a4286d52f0669b45f27072e14c67c1b603d44d8a9449f23d48a407,3,0.0
numeric_normalized,38eb08afc69e89cedfb068c347ac0e8efcb9214cc3a4c21e8b766884346dcae4,3,0.0
numeric_normalized,3b106ba919fc5ccb4a2c1a31e88fabd9a0d9a0827e0642c8c21d7750d4045239,3,0.0
numeric_normalized,48b9589f989bd1c2871d13bee1c0a70329a2ea8dccbd3795acea652a61095c05,2,0.0
numeric_normalized,49ee0496d96eb1266cba50586c5d1cb83a6453367803763f111376a3f8766193,2,0.0
numeric_normalized,4f3ab5b07fa2df1a73e19edd101ee97ece9d42156c81ae1f1ad99123462583eb,2,0.0
numeric_normalized,52d38d33ebdd90501610dee106184fe9d30d997426e6851f576052877b983c2f,2,0.0
numeric_normalized,6da14aa899d97eb8848383c1b8485ffd8b56dd48547d4a97f66f0b2948f05f22,37,0.0
numeric_normalized,758ce508a621ec9d9850e08aa6b5a99f36c42d78a48c79b60700de201e8658fc,3,0.0
numeric_normalized,76c74d93985e104083ebfe64643634635e1d2585610ba58b75d55538b8934408,2,0.0
numeric_normalized,7d758e01fe44ce1e90c21c9a96563b3fd6b0c3001207a52dfb65c41879729d81,2,0.0
numeric_normalized,8732650e6de67fc64986664250245166eeb53770c51d3173012a207ae919e98c,3,0.0
numeric_normalized,898bd1fd8557b21686f91f3e4d4842ec6087649e53669a8a31926635b47e0b13,2,0.0
numeric_normalized,8fa6586d6972bc2a33946a7129ca79e0f2b12f0af9e089852b5e4578339d5780,2,0.0
numeric_normalized,924d3376dfc46693cd6084e480fca8d25a043e0bbea2f1dff14180308b1488b2,5,0.0
numeric_normalized,9892cfc7e2908b55c3cd1d2d886000fadcf8b339d8af15dadf3aaf3275044134,2,0.0
numeric_normalized,9f2ccc4372cb3ef85df6d39193e7bfddfb10c0b2b0a487ecfdcf441adc1e4890,5,0.0
numeric_normalized,9f409b733fff0f6cef4731b3d6c0865a31aae413406ed3961fe6457429e5f993,6,0.0
numeric_normalized,a2365579fb0b50e6a432d6d3f21a77ed4e3ef65a22beacda234c4234c8676d23,2,0.0
numeric_normalized,b342cc5305f4bc0ef418cb7f8a4d81e64e69c110aff6817e0eea140e16165303,2,0.0
numeric_normalized,b3cc7a9de9aef45edef784f456fbc2402826e7b44a6631d55336746b658bcbe3,5,0.0
numeric_normalized,b51f279a71e55a272d9576de08bd6a7c99468ea96f7f6cb1ef57f8b5cb1c7533,2,0.0
numeric_normalized,b544093e2f7d9bc93f7109fec095fc463b859b699473cdeb87deedebaf4e3e7d,5,0.0
numeric_normalized,b840494e159d7f1826abbaa29c4a845a3276385e238b129d6e671227d3ad5cd3,2,0.0
numeric_normalized,bdc0f79c38d97da48184d051733097eadc8c31a7d697ecd397239372610e0396,2,0.0
numeric_normalized,c1754e294814433a1d01fd42cdc174102035b53ae48729a14bef4441f47069a3,4,0.0
numeric_normalized,c50ad6fae824a5450ebf9f573fed2312aa101714eff91efe5b22764eff1bc5f2,2,0.0
numeric_normalized,ca9c60d6d0630db8719c1b7366fbf23fa9ab199a81fec3bbc6a8150a35300153,2,0.0
numeric_normalized,cb2ba9ebf5b6a68f7b2d08afd3e69e72957f1b94e1eb83dfa2ab156d8e440e30,2,0.0
numeric_normalized,cc643b73001e6c6f66e531b1e155347bf0e7c78845fb819df5f0ccbdce3fb16f,2,0.0
numeric_normalized,cc8b04b564a509c902ecc6008f22ad3fc6cfe74ac183f0067194a5a578f5a631,6,0.0
numeric_normalized,d9a56ea31c06557df25e657d5a3aedc695d35906dc6fa1af95897ac6a449197f,2,0.0
numeric_normalized,dd0c1d57cf1b89cc655a662049628eafe520a8c378918b16098bd7d2d6fbafb8,14,0.0
numeric_normalized,e057a4a944fc92d51189dbf24053ec9f8628f5a366576400d479199ee2194964,2,0.0
numeric_normalized,e3eaf90f8f9553a91239f5e41a9109a43cb876b23f5098f77db419a2872e47bb,3,0.0
numeric_normalized,e73b42bbe72f0b00b14860c76776b693a3da2bee10a620a0be4a3888a052e955,2,0.0
numeric_normalized,e84a7f75547064b19e070010280af3724294500d38ecc34395fae4e6730e8528,3,0.0
numeric_normalized,ebf42157dd50ec1c1c3a2dcd5792e6ef815ba474caeeb5f41a7b6c67da23e5fe,2,0.0
numeric_normalized,f74ff64c3f019c78ebb4244a60478d3849e982f91babf1d5110db801715a3431,2,0.0
