unit,dimension,value,count,mean,std,median,min,max,p05,p25,p75,p95,p99,unique_confidence_values,interpretation
Study-target pair,overall,__all__,52884,0.3941451100521897,0.42515386515732473,0.0,0.0,0.9,0.0,0.0,0.85,0.9,0.9,"[0.0, 0.4, 0.45, 0.5, 0.6200000000000001, 0.69, 0.7, 0.72, 0.75, 0.8, 0.82, 0.83, 0.85, 0.87, 0.88, 0.9]",deterministic evidence-strength rank; not a calibrated probability
Study-target pair,confidence_value,0.0,28296,0.0,0.0,0.0,0.0,0.0,0.0,0.0,0.0,0.0,0.0,[0.0],deterministic evidence-strength rank; not a calibrated probability
Study-target pair,confidence_value,0.4,14,0.4000000000000001,5.760664408413727e-17,0.4,0.4,0.4,0.4,0.4,0.4,0.4,0.4,[0.4],deterministic evidence-strength rank; not a calibrated probability
Study-target pair,confidence_value,0.45,1,0.45,,0.45,0.45,0.45,0.45,0.45,0.45,0.45,0.45,[0.45],deterministic evidence-strength rank; not a calibrated probability
Study-target pair,confidence_value,0.5,279,0.5,0.0,0.5,0.5,0.5,0.5,0.5,0.5,0.5,0.5,[0.5],deterministic evidence-strength rank; not a calibrated probability
Study-target pair,confidence_value,0.6200000000000001,5,0.6200000000000001,0.0,0.6200000000000001,0.6200000000000001,0.6200000000000001,0.6200000000000001,0.6200000000000001,0.6200000000000001,0.6200000000000001,0.6200000000000001,[0.6200000000000001],deterministic evidence-strength rank; not a calibrated probability
Study-target pair,confidence_value,0.69,64,0.69,0.0,0.69,0.69,0.69,0.69,0.69,0.69,0.69,0.69,[0.69],deterministic evidence-strength rank; not a calibrated probability
Study-target pair,confidence_value,0.7,4,0.7,0.0,0.7,0.7,0.7,0.7,0.7,0.7,0.7,0.7,[0.7],deterministic evidence-strength rank; not a calibrated probability
Study-target pair,confidence_value,0.72,435,0.72,0.0,0.72,0.72,0.72,0.72,0.72,0.72,0.72,0.72,[0.72],deterministic evidence-strength rank; not a calibrated probability
Study-target pair,confidence_value,0.75,3319,0.75,0.0,0.75,0.75,0.75,0.75,0.75,0.75,0.75,0.75,[0.75],deterministic evidence-strength rank; not a calibrated probability
Study-target pair,confidence_value,0.8,128,0.8000000000000002,1.1145854108785588e-16,0.8,0.8,0.8,0.8,0.8,0.8,0.8,0.8,[0.8],deterministic evidence-strength rank; not a calibrated probability
Study-target pair,confidence_value,0.82,1006,0.8200000000000001,1.1107752370565288e-16,0.82,0.82,0.82,0.82,0.82,0.82,0.82,0.82,[0.82],deterministic evidence-strength rank; not a calibrated probability
Study-target pair,confidence_value,0.83,88,0.83,0.0,0.83,0.83,0.83,0.83,0.83,0.83,0.83,0.83,[0.83],deterministic evidence-strength rank; not a calibrated probability
Study-target pair,confidence_value,0.85,8763,0.8499999999999998,2.22057275449446e-16,0.85,0.85,0.85,0.85,0.85,0.85,0.85,0.85,[0.85],deterministic evidence-strength rank; not a calibrated probability
Study-target pair,confidence_value,0.87,1036,0.8699999999999998,2.2215184695249847e-16,0.87,0.87,0.87,0.87,0.87,0.87,0.87,0.87,[0.87],deterministic evidence-strength rank; not a calibrated probability
Study-target pair,confidence_value,0.88,286,0.8799999999999999,1.112169078747266e-16,0.88,0.88,0.88,0.88,0.88,0.88,0.88,0.88,[0.88],deterministic evidence-strength rank; not a calibrated probability
Study-target pair,confidence_value,0.9,9160,0.9000000000000002,2.220567262562042e-16,0.9,0.9,0.9,0.9,0.9,0.9,0.9,0.9,[0.9],deterministic evidence-strength rank; not a calibrated probability
Study-target pair,target,ACL,4407,0.578241434082142,0.38243434817748934,0.75,0.0,0.9,0.0,0.0,0.85,0.9,0.9,"[0.0, 0.4, 0.5, 0.69, 0.72, 0.75, 0.82, 0.85, 0.87, 0.9]",deterministic evidence-strength rank; not a calibrated probability
Study-target pair,target,Baker's,4407,0.3634331744951214,0.4303271132953465,0.0,0.0,0.9,0.0,0.0,0.85,0.9,0.9,"[0.0, 0.5, 0.72, 0.83, 0.85, 0.88, 0.9]",deterministic evidence-strength rank; not a calibrated probability
Study-target pair,target,Contusion,4407,0.1604175175856592,0.33619227463087303,0.0,0.0,0.9,0.0,0.0,0.0,0.9,0.9,"[0.0, 0.5, 0.7, 0.72, 0.83, 0.85, 0.88, 0.9]",deterministic evidence-strength rank; not a calibrated probability
Study-target pair,target,Effusion,4407,0.7073632856818698,0.353131751480495,0.9,0.0,0.9,0.0,0.85,0.9,0.9,0.9,"[0.0, 0.4, 0.5, 0.7, 0.72, 0.83, 0.85, 0.88, 0.9]",deterministic evidence-strength rank; not a calibrated probability
Study-target pair,target,Fracture,4407,0.16721352393918765,0.3382344422433188,0.0,0.0,0.9,0.0,0.0,0.0,0.9,0.9,"[0.0, 0.4, 0.5, 0.72, 0.83, 0.85, 0.88, 0.9]",deterministic evidence-strength rank; not a calibrated probability
Study-target pair,target,Lateral Meniscus,4407,0.6117608350351713,0.37851974631151875,0.85,0.0,0.9,0.0,0.0,0.85,0.9,0.9,"[0.0, 0.4, 0.5, 0.69, 0.72, 0.75, 0.8, 0.82, 0.85, 0.87, 0.9]",deterministic evidence-strength rank; not a calibrated probability
Study-target pair,target,Lateral OA,4407,0.21503063308373044,0.3697360061213204,0.0,0.0,0.9,0.0,0.0,0.75,0.9,0.9,"[0.0, 0.69, 0.72, 0.75, 0.8, 0.82, 0.85, 0.87, 0.9]",deterministic evidence-strength rank; not a calibrated probability
Study-target pair,target,MCL,4407,0.5676151577036532,0.3750174561854671,0.75,0.0,0.9,0.0,0.0,0.85,0.9,0.9,"[0.0, 0.4, 0.5, 0.69, 0.72, 0.75, 0.82, 0.85, 0.87, 0.9]",deterministic evidence-strength rank; not a calibrated probability
Study-target pair,target,Medial Meniscus,4407,0.6473224415702292,0.3669300709785421,0.85,0.0,0.9,0.0,0.5,0.9,0.9,0.9,"[0.0, 0.4, 0.45, 0.5, 0.6200000000000001, 0.69, 0.72, 0.75, 0.8, 0.82, 0.85, 0.87, 0.9]",deterministic evidence-strength rank; not a calibrated probability
Study-target pair,target,Medial OA,4407,0.24245291581574768,0.3859231447093325,0.0,0.0,0.9,0.0,0.0,0.75,0.9,0.9,"[0.0, 0.5, 0.69, 0.72, 0.75, 0.8, 0.82, 0.85, 0.87, 0.9]",deterministic evidence-strength rank; not a calibrated probability
Study-target pair,target,PF OA,4407,0.3649307919219424,0.4229076968847044,0.0,0.0,0.9,0.0,0.0,0.85,0.9,0.9,"[0.0, 0.4, 0.5, 0.6200000000000001, 0.69, 0.72, 0.75, 0.8, 0.82, 0.85, 0.87, 0.9]",deterministic evidence-strength rank; not a calibrated probability
Study-target pair,target,Synovitis,4407,0.1039596097118221,0.28639581218493687,0.0,0.0,0.9,0.0,0.0,0.0,0.9,0.9,"[0.0, 0.5, 0.72, 0.83, 0.85, 0.88, 0.9]",deterministic evidence-strength rank; not a calibrated probability
Study-target pair,status,negative,13176,0.8223861566484516,0.04275483193170524,0.85,0.75,0.85,0.75,0.75,0.85,0.85,0.85,"[0.75, 0.82, 0.83, 0.85]",deterministic evidence-strength rank; not a calibrated probability
Study-target pair,status,positive,11118,0.8870894045691673,0.040173695388806475,0.9,0.6200000000000001,0.9,0.8,0.9,0.9,0.9,0.9,"[0.6200000000000001, 0.69, 0.7, 0.72, 0.8, 0.87, 0.88, 0.9]",deterministic evidence-strength rank; not a calibrated probability
Study-target pair,status,uncertain,294,0.4950680272108844,0.02149280691291493,0.5,0.4,0.5,0.48250000000000004,0.5,0.5,0.5,0.5,"[0.4, 0.45, 0.5]",deterministic evidence-strength rank; not a calibrated probability
Study-target pair,status,unknown,28296,0.0,0.0,0.0,0.0,0.0,0.0,0.0,0.0,0.0,0.0,[0.0],deterministic evidence-strength rank; not a calibrated probability
Study-target pair,language_group,cyrillic_script,2640,0.3045151515151515,0.4047864342686393,0.0,0.0,0.9,0.0,0.0,0.82,0.9,0.9,"[0.0, 0.69, 0.72, 0.75, 0.82, 0.85, 0.87, 0.88, 0.9]",deterministic evidence-strength rank; not a calibrated probability
Study-target pair,language_group,dutch,1836,0.3645642701525055,0.4174648748729108,0.0,0.0,0.9,0.0,0.0,0.85,0.9,0.9,"[0.0, 0.5, 0.69, 0.72, 0.75, 0.82, 0.83, 0.85, 0.87, 0.88, 0.9]",deterministic evidence-strength rank; not a calibrated probability
Study-target pair,language_group,english,20688,0.4808052977571539,0.42535266455204207,0.82,0.0,0.9,0.0,0.0,0.85,0.9,0.9,"[0.0, 0.4, 0.45, 0.5, 0.6200000000000001, 0.69, 0.72, 0.75, 0.8, 0.82, 0.83, 0.85, 0.87, 0.88, 0.9]",deterministic evidence-strength rank; not a calibrated probability
Study-target pair,language_group,french,960,0.463,0.43129404914748276,0.75,0.0,0.9,0.0,0.0,0.87,0.9,0.9,"[0.0, 0.4, 0.5, 0.69, 0.72, 0.75, 0.82, 0.83, 0.85, 0.87, 0.9]",deterministic evidence-strength rank; not a calibrated probability
Study-target pair,language_group,german,3108,0.3136647361647361,0.40611259624493384,0.0,0.0,0.9,0.0,0.0,0.85,0.9,0.9,"[0.0, 0.4, 0.5, 0.69, 0.72, 0.75, 0.82, 0.83, 0.85, 0.87, 0.88, 0.9]",deterministic evidence-strength rank; not a calibrated probability
Study-target pair,language_group,greek_script,3852,0.2731645898234683,0.4006654823974043,0.0,0.0,0.9,0.0,0.0,0.75,0.9,0.9,"[0.0, 0.69, 0.7, 0.72, 0.75, 0.8, 0.82, 0.85, 0.87, 0.88, 0.9]",deterministic evidence-strength rank; not a calibrated probability
Study-target pair,language_group,latin_other,264,0.39147727272727273,0.41286499631832335,0.0,0.0,0.9,0.0,0.0,0.85,0.9,0.9,"[0.0, 0.72, 0.75, 0.8, 0.85, 0.87, 0.9]",deterministic evidence-strength rank; not a calibrated probability
Study-target pair,language_group,south_slavic,4836,0.40758064516129033,0.4267290016602939,0.0,0.0,0.9,0.0,0.0,0.85,0.9,0.9,"[0.0, 0.4, 0.5, 0.69, 0.72, 0.75, 0.8, 0.82, 0.83, 0.85, 0.87, 0.88, 0.9]",deterministic evidence-strength rank; not a calibrated probability
Study-target pair,language_group,spanish,8136,0.33423303834808255,0.40720333512279977,0.0,0.0,0.9,0.0,0.0,0.75,0.9,0.9,"[0.0, 0.4, 0.5, 0.6200000000000001, 0.69, 0.72, 0.75, 0.8, 0.82, 0.85, 0.87, 0.9]",deterministic evidence-strength rank; not a calibrated probability
Study-target pair,language_group,turkish,6564,0.3288391224862888,0.42102903804625774,0.0,0.0,0.9,0.0,0.0,0.85,0.9,0.9,"[0.0, 0.5, 0.69, 0.7, 0.72, 0.75, 0.8, 0.82, 0.83, 0.85, 0.87, 0.88, 0.9]",deterministic evidence-strength rank; not a calibrated probability
Study-target pair,has_conflict,False,52362,0.3910299453802376,0.4260832868170038,0.0,0.0,0.9,0.0,0.0,0.85,0.9,0.9,"[0.0, 0.45, 0.5, 0.75, 0.8, 0.82, 0.83, 0.85, 0.87, 0.88, 0.9]",deterministic evidence-strength rank; not a calibrated probability
Study-target pair,has_conflict,True,522,0.7066283524904214,0.052745466741435355,0.72,0.4,0.72,0.69,0.72,0.72,0.72,0.72,"[0.4, 0.6200000000000001, 0.69, 0.7, 0.72]",deterministic evidence-strength rank; not a calibrated probability
Study-target pair,resolution_mode,collective,3453,0.7515783376773819,0.01186416529761921,0.75,0.45,0.8,0.75,0.75,0.75,0.75,0.8,"[0.45, 0.6200000000000001, 0.75, 0.8]",deterministic evidence-strength rank; not a calibrated probability
Study-target pair,resolution_mode,target_specific,49431,0.3691766300499686,0.42874787440954465,0.0,0.0,0.9,0.0,0.0,0.85,0.9,0.9,"[0.0, 0.4, 0.5, 0.69, 0.7, 0.72, 0.82, 0.83, 0.85, 0.87, 0.88, 0.9]",deterministic evidence-strength rank; not a calibrated probability
selected Proposition,overall,__all__,38706,0.8483741538779517,0.05982180521226255,0.85,0.45,0.9,0.75,0.82,0.9,0.9,0.9,"[0.45, 0.5, 0.75, 0.8, 0.82, 0.83, 0.85, 0.87, 0.88, 0.9]",deterministic evidence-strength rank; not a calibrated probability
selected Proposition,confidence_value,0.45,2,0.45,0.0,0.45,0.45,0.45,0.45,0.45,0.45,0.45,0.45,[0.45],deterministic evidence-strength rank; not a calibrated probability
selected Proposition,confidence_value,0.5,506,0.5,0.0,0.5,0.5,0.5,0.5,0.5,0.5,0.5,0.5,[0.5],deterministic evidence-strength rank; not a calibrated probability
selected Proposition,confidence_value,0.75,3645,0.75,0.0,0.75,0.75,0.75,0.75,0.75,0.75,0.75,0.75,[0.75],deterministic evidence-strength rank; not a calibrated probability
selected Proposition,confidence_value,0.8,224,0.8,0.0,0.8,0.8,0.8,0.8,0.8,0.8,0.8,0.8,[0.8],deterministic evidence-strength rank; not a calibrated probability
selected Proposition,confidence_value,0.82,6313,0.8200000000000002,2.2206219331310793e-16,0.82,0.82,0.82,0.82,0.82,0.82,0.82,0.82,[0.82],deterministic evidence-strength rank; not a calibrated probability
selected Proposition,confidence_value,0.83,2109,0.83,0.0,0.83,0.83,0.83,0.83,0.83,0.83,0.83,0.83,[0.83],deterministic evidence-strength rank; not a calibrated probability
selected Proposition,confidence_value,0.85,8796,0.8499999999999998,2.2205722790931854e-16,0.85,0.85,0.85,0.85,0.85,0.85,0.85,0.85,[0.85],deterministic evidence-strength rank; not a calibrated probability
selected Proposition,confidence_value,0.87,2203,0.87,0.0,0.87,0.87,0.87,0.87,0.87,0.87,0.87,0.87,[0.87],deterministic evidence-strength rank; not a calibrated probability
selected Proposition,confidence_value,0.88,3361,0.8800000000000003,3.331164672282182e-16,0.88,0.88,0.88,0.88,0.88,0.88,0.88,0.88,[0.88],deterministic evidence-strength rank; not a calibrated probability
selected Proposition,confidence_value,0.9,11547,0.9000000000000002,2.2205422036749224e-16,0.9,0.9,0.9,0.9,0.9,0.9,0.9,0.9,[0.9],deterministic evidence-strength rank; not a calibrated probability
selected Proposition,target,ACL,4633,0.8301316641484999,0.06724054543922811,0.85,0.5,0.9,0.75,0.82,0.87,0.9,0.9,"[0.5, 0.75, 0.82, 0.85, 0.87, 0.9]",deterministic evidence-strength rank; not a calibrated probability
selected Proposition,target,Baker's,2930,0.8682662116040956,0.04243361797077556,0.88,0.5,0.9,0.83,0.85,0.9,0.9,0.9,"[0.5, 0.83, 0.85, 0.88, 0.9]",deterministic evidence-strength rank; not a calibrated probability
selected Proposition,target,Contusion,1582,0.8520543615676359,0.05712832368270968,0.85,0.5,0.9,0.83,0.83,0.88,0.9,0.9,"[0.5, 0.83, 0.85, 0.88, 0.9]",deterministic evidence-strength rank; not a calibrated probability
selected Proposition,target,Effusion,5900,0.8759254237288135,0.03331248279282287,0.88,0.5,0.9,0.83,0.85,0.9,0.9,0.9,"[0.5, 0.83, 0.85, 0.88, 0.9]",deterministic evidence-strength rank; not a calibrated probability
selected Proposition,target,Fracture,1618,0.841186650185414,0.07163399737893211,0.85,0.5,0.9,0.83,0.83,0.85,0.9,0.9,"[0.5, 0.83, 0.85, 0.88, 0.9]",deterministic evidence-strength rank; not a calibrated probability
selected Proposition,target,Lateral Meniscus,5121,0.836473345049795,0.06322873378222112,0.85,0.5,0.9,0.75,0.82,0.87,0.9,0.9,"[0.5, 0.75, 0.8, 0.82, 0.85, 0.87, 0.9]",deterministic evidence-strength rank; not a calibrated probability
selected Proposition,target,Lateral OA,1749,0.8428530588907948,0.043578903663020106,0.85,0.5,0.9,0.75,0.82,0.87,0.9,0.9,"[0.5, 0.75, 0.8, 0.82, 0.85, 0.87, 0.9]",deterministic evidence-strength rank; not a calibrated probability
selected Proposition,target,MCL,4468,0.817873769024172,0.056074482762948616,0.82,0.5,0.9,0.75,0.75,0.85,0.9,0.9,"[0.5, 0.75, 0.82, 0.85, 0.87, 0.9]",deterministic evidence-strength rank; not a calibrated probability
selected Proposition,target,Medial Meniscus,5095,0.8545142296368989,0.07456215963516889,0.9,0.45,0.9,0.75,0.82,0.9,0.9,0.9,"[0.45, 0.5, 0.75, 0.8, 0.82, 0.85, 0.87, 0.9]",deterministic evidence-strength rank; not a calibrated probability
selected Proposition,target,Medial OA,1871,0.8492838054516303,0.046831363749569414,0.85,0.5,0.9,0.75,0.82,0.9,0.9,0.9,"[0.5, 0.75, 0.8, 0.82, 0.85, 0.87, 0.9]",deterministic evidence-strength rank; not a calibrated probability
selected Proposition,target,PF OA,2920,0.8514452054794521,0.045542300576356026,0.85,0.5,0.9,0.8,0.82,0.9,0.9,0.9,"[0.5, 0.75, 0.8, 0.82, 0.85, 0.87, 0.9]",deterministic evidence-strength rank; not a calibrated probability
selected Proposition,target,Synovitis,819,0.8903907203907205,0.050598797900655745,0.9,0.5,0.9,0.88,0.9,0.9,0.9,0.9,"[0.5, 0.83, 0.85, 0.88, 0.9]",deterministic evidence-strength rank; not a calibrated probability
selected Proposition,proposition_status,negative,20863,0.8214293246417101,0.03526552494300236,0.83,0.75,0.85,0.75,0.82,0.85,0.85,0.85,"[0.75, 0.82, 0.83, 0.85]",deterministic evidence-strength rank; not a calibrated probability
selected Proposition,proposition_status,positive,17335,0.891017594462071,0.015507360500871715,0.9,0.8,0.9,0.87,0.88,0.9,0.9,0.9,"[0.8, 0.87, 0.88, 0.9]",deterministic evidence-strength rank; not a calibrated probability
selected Proposition,proposition_status,uncertain,508,0.49980314960629924,0.003134183535025145,0.5,0.45,0.5,0.5,0.5,0.5,0.5,0.5,"[0.45, 0.5]",deterministic evidence-strength rank; not a calibrated probability
selected Proposition,detector,v2_collective,3871,0.752738310514079,0.013554120711282275,0.75,0.45,0.8,0.75,0.75,0.75,0.8,0.8,"[0.45, 0.75, 0.8]",deterministic evidence-strength rank; not a calibrated probability
selected Proposition,detector,v2_exact,12533,0.8671507220936727,0.033992911858976946,0.85,0.5,0.9,0.85,0.85,0.9,0.9,0.9,"[0.5, 0.85, 0.9]",deterministic evidence-strength rank; not a calibrated probability
selected Proposition,detector,v2_exact|v2_collective,1,0.9,,0.9,0.9,0.9,0.9,0.9,0.9,0.9,0.9,[0.9],deterministic evidence-strength rank; not a calibrated probability
selected Proposition,detector,v3_morphology,5519,0.8575194781663346,0.0416211482442543,0.88,0.5,0.88,0.83,0.83,0.88,0.88,0.88,"[0.5, 0.83, 0.88]",deterministic evidence-strength rank; not a calibrated probability
selected Proposition,detector,v3_morphology|v2_exact,395,0.8473417721518989,0.1354135315236042,0.9,0.5,0.9,0.5,0.9,0.9,0.9,0.9,"[0.5, 0.9]",deterministic evidence-strength rank; not a calibrated probability
selected Proposition,detector,v3_target,8603,0.8285156340811345,0.04353046893865349,0.82,0.5,0.87,0.82,0.82,0.87,0.87,0.87,"[0.5, 0.82, 0.87]",deterministic evidence-strength rank; not a calibrated probability
selected Proposition,detector,v3_target|v2_collective,25,0.862,0.018708286933869726,0.87,0.82,0.87,0.82,0.87,0.87,0.87,0.87,"[0.82, 0.87]",deterministic evidence-strength rank; not a calibrated probability
selected Proposition,detector,v3_target|v2_exact,7758,0.8812709461201342,0.07012362099450796,0.9,0.5,0.9,0.85,0.9,0.9,0.9,0.9,"[0.5, 0.85, 0.9]",deterministic evidence-strength rank; not a calibrated probability
selected Proposition,detector,v3_target|v2_exact|v2_collective,1,0.9,,0.9,0.9,0.9,0.9,0.9,0.9,0.9,0.9,[0.9],deterministic evidence-strength rank; not a calibrated probability
selected Proposition,rule,<no_explicit_rule>,12533,0.8671507220936727,0.033992911858976946,0.85,0.5,0.9,0.85,0.85,0.9,0.9,0.9,"[0.5, 0.85, 0.9]",deterministic evidence-strength rank; not a calibrated probability
selected Proposition,rule,baker_el,115,0.8800000000000001,1.1150817919292333e-16,0.88,0.88,0.88,0.88,0.88,0.88,0.88,0.88,[0.88],deterministic evidence-strength rank; not a calibrated probability
selected Proposition,rule,baker_nl|baker_variants,12,0.8758333333333335,0.014433756729740656,0.88,0.83,0.88,0.8575,0.88,0.88,0.88,0.88,"[0.83, 0.88]",deterministic evidence-strength rank; not a calibrated probability
selected Proposition,rule,baker_sl,86,0.8358139534883721,0.016121970123301785,0.83,0.83,0.88,0.83,0.83,0.83,0.88,0.88,"[0.83, 0.88]",deterministic evidence-strength rank; not a calibrated probability
selected Proposition,rule,baker_sl|baker_variants,89,0.8757303370786517,0.04027991944024166,0.88,0.5,0.88,0.88,0.88,0.88,0.88,0.88,"[0.5, 0.88]",deterministic evidence-strength rank; not a calibrated probability
selected Proposition,rule,baker_variants,959,0.863701772679875,0.03654091862291244,0.88,0.5,0.88,0.83,0.83,0.88,0.88,0.88,"[0.5, 0.83, 0.88]",deterministic evidence-strength rank; not a calibrated probability
selected Proposition,rule,both_menisci,226,0.7648230088495577,0.038171712641925044,0.75,0.45,0.8,0.75,0.75,0.8,0.8,0.8,"[0.45, 0.75, 0.8]",deterministic evidence-strength rank; not a calibrated probability
selected Proposition,rule,both_menisci_negative_only,476,0.75,0.0,0.75,0.75,0.75,0.75,0.75,0.75,0.75,0.75,[0.75],deterministic evidence-strength rank; not a calibrated probability
selected Proposition,rule,both_menisci_negative_only|target_local_association,1,0.82,,0.82,0.82,0.82,0.82,0.82,0.82,0.82,0.82,[0.82],deterministic evidence-strength rank; not a calibrated probability
selected Proposition,rule,both_menisci|both_menisci_negative_only,453,0.75,0.0,0.75,0.75,0.75,0.75,0.75,0.75,0.75,0.75,[0.75],deterministic evidence-strength rank; not a calibrated probability
selected Proposition,rule,both_menisci|both_menisci_negative_only|target_local_association,3,0.82,0.0,0.82,0.82,0.82,0.82,0.82,0.82,0.82,0.82,[0.82],deterministic evidence-strength rank; not a calibrated probability
selected Proposition,rule,both_menisci|target_local_association,7,0.87,0.0,0.87,0.87,0.87,0.87,0.87,0.87,0.87,0.87,[0.87],deterministic evidence-strength rank; not a calibrated probability
selected Proposition,rule,collateral_ligaments,802,0.75,0.0,0.75,0.75,0.75,0.75,0.75,0.75,0.75,0.75,[0.75],deterministic evidence-strength rank; not a calibrated probability
selected Proposition,rule,collateral_ligaments|cruciate_and_collateral_ligaments,112,0.75,0.0,0.75,0.75,0.75,0.75,0.75,0.75,0.75,0.75,[0.75],deterministic evidence-strength rank; not a calibrated probability
selected Proposition,rule,compartment_normality,865,0.8200000000000002,2.221730658006457e-16,0.82,0.82,0.82,0.82,0.82,0.82,0.82,0.82,[0.82],deterministic evidence-strength rank; not a calibrated probability
selected Proposition,rule,compartment_scope,3413,0.8658951069440376,0.04266266178425318,0.87,0.5,0.9,0.82,0.82,0.9,0.9,0.9,"[0.5, 0.82, 0.87, 0.9]",deterministic evidence-strength rank; not a calibrated probability
selected Proposition,rule,compartment_scope|lateral_and_patellofemoral_compartments,3,0.88,0.017320508075688787,0.87,0.87,0.9,0.87,0.87,0.885,0.897,0.8994,"[0.87, 0.9]",deterministic evidence-strength rank; not a calibrated probability
selected Proposition,rule,compartment_scope|tibiofemoral_compartments,12,0.8699999999999998,2.319180260577507e-16,0.87,0.87,0.87,0.87,0.87,0.87,0.87,0.87,[0.87],deterministic evidence-strength rank; not a calibrated probability
selected Proposition,rule,contusion_cyr,30,0.8799999999999998,2.2584051416334807e-16,0.88,0.88,0.88,0.88,0.88,0.88,0.88,0.88,[0.88],deterministic evidence-strength rank; not a calibrated probability
selected Proposition,rule,contusion_el,21,0.8776190476190476,0.01091089451179963,0.88,0.83,0.88,0.88,0.88,0.88,0.88,0.88,"[0.83, 0.88]",deterministic evidence-strength rank; not a calibrated probability
selected Proposition,rule,contusion_el|contusion_en,27,0.8799999999999999,1.1313720302054534e-16,0.88,0.88,0.88,0.88,0.88,0.88,0.88,0.88,[0.88],deterministic evidence-strength rank; not a calibrated probability
selected Proposition,rule,contusion_en,780,0.8401153846153847,0.06281265433637778,0.83,0.5,0.88,0.83,0.83,0.88,0.88,0.88,"[0.5, 0.83, 0.88]",deterministic evidence-strength rank; not a calibrated probability
selected Proposition,rule,contusion_sl,12,0.8483333333333335,0.1096965511460289,0.88,0.5,0.88,0.7090000000000001,0.88,0.88,0.88,0.88,"[0.5, 0.88]",deterministic evidence-strength rank; not a calibrated probability
selected Proposition,rule,contusion_tr,35,0.8582857142857142,0.08949156103118505,0.88,0.5,0.88,0.766,0.88,0.88,0.88,0.88,"[0.5, 0.88]",deterministic evidence-strength rank; not a calibrated probability
selected Proposition,rule,cruciate_and_collateral_ligaments,321,0.75,0.0,0.75,0.75,0.75,0.75,0.75,0.75,0.75,0.75,[0.75],deterministic evidence-strength rank; not a calibrated probability
selected Proposition,rule,cruciate_and_collateral_ligaments|cruciate_ligaments,272,0.75,0.0,0.75,0.75,0.75,0.75,0.75,0.75,0.75,0.75,[0.75],deterministic evidence-strength rank; not a calibrated probability
selected Proposition,rule,cruciate_ligaments,604,0.75,0.0,0.75,0.75,0.75,0.75,0.75,0.75,0.75,0.75,[0.75],deterministic evidence-strength rank; not a calibrated probability
selected Proposition,rule,effusion_de_root,149,0.8659060402684563,0.022571610452153695,0.88,0.83,0.88,0.83,0.83,0.88,0.88,0.88,"[0.83, 0.88]",deterministic evidence-strength rank; not a calibrated probability
selected Proposition,rule,effusion_el_root,198,0.8693939393939393,0.020492325259830437,0.88,0.83,0.88,0.83,0.88,0.88,0.88,0.88,"[0.83, 0.88]",deterministic evidence-strength rank; not a calibrated probability
selected Proposition,rule,effusion_en_plural,1790,0.8651675977653632,0.03496944062898456,0.88,0.5,0.88,0.83,0.83,0.88,0.88,0.88,"[0.5, 0.83, 0.88]",deterministic evidence-strength rank; not a calibrated probability
selected Proposition,rule,effusion_tr_root,470,0.8659574468085107,0.022494687784940286,0.88,0.83,0.88,0.83,0.83,0.88,0.88,0.88,"[0.83, 0.88]",deterministic evidence-strength rank; not a calibrated probability
selected Proposition,rule,fracture_cyr,34,0.8761764705882351,0.03275387609561637,0.9,0.83,0.9,0.83,0.83,0.9,0.9,0.9,"[0.83, 0.88, 0.9]",deterministic evidence-strength rank; not a calibrated probability
selected Proposition,rule,fracture_de,51,0.8323529411764704,0.011931175180026099,0.83,0.83,0.9,0.83,0.83,0.83,0.83,0.89,"[0.83, 0.88, 0.9]",deterministic evidence-strength rank; not a calibrated probability
selected Proposition,rule,fracture_el,55,0.895090909090909,0.016428602798138084,0.9,0.83,0.9,0.865,0.9,0.9,0.9,0.9,"[0.83, 0.88, 0.9]",deterministic evidence-strength rank; not a calibrated probability
selected Proposition,rule,fracture_el|fracture_en,1,0.9,,0.9,0.9,0.9,0.9,0.9,0.9,0.9,0.9,[0.9],deterministic evidence-strength rank; not a calibrated probability
selected Proposition,rule,fracture_en,809,0.8299752781211372,0.0902595234104974,0.83,0.5,0.9,0.5,0.83,0.9,0.9,0.9,"[0.5, 0.83, 0.88, 0.9]",deterministic evidence-strength rank; not a calibrated probability
selected Proposition,rule,fracture_en|fracture_fr,64,0.836875,0.05035981643246043,0.83,0.5,0.9,0.83,0.83,0.83,0.9,0.9,"[0.5, 0.83, 0.9]",deterministic evidence-strength rank; not a calibrated probability
selected Proposition,rule,fracture_sl,22,0.834090909090909,0.1380013488860609,0.9,0.5,0.9,0.5,0.8425,0.9,0.9,0.9,"[0.5, 0.83, 0.88, 0.9]",deterministic evidence-strength rank; not a calibrated probability
selected Proposition,rule,fracture_tr,28,0.8414285714285713,0.14204105524692984,0.9,0.5,0.9,0.5,0.9,0.9,0.9,0.9,"[0.5, 0.88, 0.9]",deterministic evidence-strength rank; not a calibrated probability
selected Proposition,rule,lateral_and_patellofemoral_compartments,2,0.8,0.0,0.8,0.8,0.8,0.8,0.8,0.8,0.8,0.8,[0.8],deterministic evidence-strength rank; not a calibrated probability
selected Proposition,rule,synovitis_de,16,0.8531249999999999,0.09498903445486045,0.88,0.5,0.88,0.7474999999999999,0.88,0.88,0.88,0.88,"[0.5, 0.83, 0.88]",deterministic evidence-strength rank; not a calibrated probability
selected Proposition,rule,synovitis_el,36,0.8799999999999999,1.1259716555514165e-16,0.88,0.88,0.88,0.88,0.88,0.88,0.88,0.88,[0.88],deterministic evidence-strength rank; not a calibrated probability
selected Proposition,rule,synovitis_sl,3,0.88,0.0,0.88,0.88,0.88,0.88,0.88,0.88,0.88,0.88,[0.88],deterministic evidence-strength rank; not a calibrated probability
selected Proposition,rule,synovitis_tr,22,0.88,0.0,0.88,0.88,0.88,0.88,0.88,0.88,0.88,0.88,[0.88],deterministic evidence-strength rank; not a calibrated probability
selected Proposition,rule,target_local_association,7596,0.8716008425487098,0.08159642635894086,0.9,0.5,0.9,0.85,0.87,0.9,0.9,0.9,"[0.5, 0.82, 0.85, 0.87, 0.9]",deterministic evidence-strength rank; not a calibrated probability
selected Proposition,rule,target_local_normality,4487,0.8200000000000001,1.1103467608222112e-16,0.82,0.82,0.82,0.82,0.82,0.82,0.82,0.82,[0.82],deterministic evidence-strength rank; not a calibrated probability
selected Proposition,rule,tibiofemoral_compartments,604,0.7620860927152318,0.02199696659242676,0.75,0.75,0.9,0.75,0.75,0.75,0.8,0.8,"[0.75, 0.8, 0.9]",deterministic evidence-strength rank; not a calibrated probability
selected Proposition,phenotype,abnormality,4873,0.8924851221013751,0.05167237078135586,0.9,0.5,0.9,0.9,0.9,0.9,0.9,0.9,"[0.5, 0.8, 0.87, 0.9]",deterministic evidence-strength rank; not a calibrated probability
selected Proposition,phenotype,abnormality_absent,12470,0.8207000801924619,0.045461947824191475,0.85,0.75,0.85,0.75,0.75,0.85,0.85,0.85,"[0.75, 0.82, 0.85]",deterministic evidence-strength rank; not a calibrated probability
selected Proposition,phenotype,avulsion,29,0.8820689655172412,0.07422837878297471,0.9,0.5,0.9,0.87,0.9,0.9,0.9,0.9,"[0.5, 0.87, 0.9]",deterministic evidence-strength rank; not a calibrated probability
selected Proposition,phenotype,baker_cyst,917,0.8770992366412216,0.033091839411872964,0.88,0.5,0.88,0.88,0.88,0.88,0.88,0.88,"[0.5, 0.88]",deterministic evidence-strength rank; not a calibrated probability
selected Proposition,phenotype,baker_cyst_absent,344,0.83,0.0,0.83,0.83,0.83,0.83,0.83,0.83,0.83,0.83,[0.83],deterministic evidence-strength rank; not a calibrated probability
selected Proposition,phenotype,bone_contusion,449,0.8588418708240537,0.0872317031166712,0.88,0.5,0.88,0.5,0.88,0.88,0.88,0.88,"[0.5, 0.88]",deterministic evidence-strength rank; not a calibrated probability
selected Proposition,phenotype,bone_contusion_absent,456,0.8300000000000001,1.111442380319001e-16,0.83,0.83,0.83,0.83,0.83,0.83,0.83,0.83,[0.83],deterministic evidence-strength rank; not a calibrated probability
selected Proposition,phenotype,chondral_abnormality,2742,0.8793873085339169,0.04213202905667275,0.9,0.5,0.9,0.8,0.87,0.9,0.9,0.9,"[0.5, 0.8, 0.87, 0.9]",deterministic evidence-strength rank; not a calibrated probability
selected Proposition,phenotype,chondral_abnormality_absent,932,0.8200000000000002,2.221638235134465e-16,0.82,0.82,0.82,0.82,0.82,0.82,0.82,0.82,[0.82],deterministic evidence-strength rank; not a calibrated probability
selected Proposition,phenotype,degeneration,1608,0.881784825870647,0.053135521688037375,0.9,0.5,0.9,0.87,0.87,0.9,0.9,0.9,"[0.5, 0.8, 0.87, 0.9]",deterministic evidence-strength rank; not a calibrated probability
selected Proposition,phenotype,extrusion,71,0.8829577464788732,0.04835565755634223,0.9,0.5,0.9,0.87,0.87,0.9,0.9,0.9,"[0.5, 0.87, 0.9]",deterministic evidence-strength rank; not a calibrated probability
selected Proposition,phenotype,fracture,482,0.8449792531120334,0.13641725304498376,0.9,0.5,0.9,0.5,0.9,0.9,0.9,0.9,"[0.5, 0.88, 0.9]",deterministic evidence-strength rank; not a calibrated probability
selected Proposition,phenotype,fracture_absent,637,0.8300000000000001,1.1110954986494923e-16,0.83,0.83,0.83,0.83,0.83,0.83,0.83,0.83,[0.83],deterministic evidence-strength rank; not a calibrated probability
selected Proposition,phenotype,joint_effusion,1935,0.8780361757105946,0.02725399952338768,0.88,0.5,0.88,0.88,0.88,0.88,0.88,0.88,"[0.5, 0.88]",deterministic evidence-strength rank; not a calibrated probability
selected Proposition,phenotype,joint_effusion_absent,671,0.83,0.0,0.83,0.83,0.83,0.83,0.83,0.83,0.83,0.83,[0.83],deterministic evidence-strength rank; not a calibrated probability
selected Proposition,phenotype,normal_cartilage,865,0.8200000000000002,2.221730658006457e-16,0.82,0.82,0.82,0.82,0.82,0.82,0.82,0.82,[0.82],deterministic evidence-strength rank; not a calibrated probability
selected Proposition,phenotype,normal_structure,4487,0.8200000000000001,1.1103467608222112e-16,0.82,0.82,0.82,0.82,0.82,0.82,0.82,0.82,[0.82],deterministic evidence-strength rank; not a calibrated probability
selected Proposition,phenotype,sprain,347,0.8814409221902018,0.06716125747412335,0.9,0.5,0.9,0.87,0.87,0.9,0.9,0.9,"[0.5, 0.8, 0.87, 0.9]",deterministic evidence-strength rank; not a calibrated probability
selected Proposition,phenotype,synovitis,76,0.8749999999999998,0.04358898943540673,0.88,0.5,0.88,0.88,0.88,0.88,0.88,0.88,"[0.5, 0.88]",deterministic evidence-strength rank; not a calibrated probability
selected Proposition,phenotype,synovitis_absent,1,0.83,,0.83,0.83,0.83,0.83,0.83,0.83,0.83,0.83,[0.83],deterministic evidence-strength rank; not a calibrated probability
selected Proposition,phenotype,tear,4314,0.8726448771441818,0.09468475763059392,0.9,0.45,0.9,0.5,0.9,0.9,0.9,0.9,"[0.45, 0.5, 0.8, 0.87, 0.88, 0.9]",deterministic evidence-strength rank; not a calibrated probability
selected Proposition,language,cyrillic_script,1435,0.8519094076655053,0.05684626692630246,0.87,0.75,0.9,0.75,0.82,0.9,0.9,0.9,"[0.75, 0.82, 0.83, 0.85, 0.87, 0.88, 0.9]",deterministic evidence-strength rank; not a calibrated probability
selected Proposition,language,cyrillic_script|english,1,0.9,,0.9,0.9,0.9,0.9,0.9,0.9,0.9,0.9,[0.9],deterministic evidence-strength rank; not a calibrated probability
selected Proposition,language,dutch,1064,0.8406578947368422,0.06567071620423555,0.85,0.5,0.9,0.75,0.82,0.9,0.9,0.9,"[0.5, 0.75, 0.82, 0.85, 0.87, 0.9]",deterministic evidence-strength rank; not a calibrated probability
selected Proposition,language,dutch|english,12,0.8758333333333335,0.014433756729740656,0.88,0.83,0.88,0.8575,0.88,0.88,0.88,0.88,"[0.83, 0.88]",deterministic evidence-strength rank; not a calibrated probability
selected Proposition,language,english,20976,0.8493769069412661,0.05833843807908832,0.85,0.45,0.9,0.75,0.82,0.9,0.9,0.9,"[0.45, 0.5, 0.75, 0.8, 0.82, 0.83, 0.85, 0.87, 0.88, 0.9]",deterministic evidence-strength rank; not a calibrated probability
selected Proposition,language,english|french,64,0.836875,0.05035981643246043,0.83,0.5,0.9,0.83,0.83,0.83,0.9,0.9,"[0.5, 0.83, 0.9]",deterministic evidence-strength rank; not a calibrated probability
selected Proposition,language,english|greek_script,28,0.8807142857142856,0.003779644730092275,0.88,0.88,0.9,0.88,0.88,0.88,0.88,0.8946000000000001,"[0.88, 0.9]",deterministic evidence-strength rank; not a calibrated probability
selected Proposition,language,english|latin_other,1,0.9,,0.9,0.9,0.9,0.9,0.9,0.9,0.9,0.9,[0.9],deterministic evidence-strength rank; not a calibrated probability
selected Proposition,language,english|south_slavic,89,0.8757303370786517,0.04027991944024166,0.88,0.5,0.88,0.88,0.88,0.88,0.88,0.88,"[0.5, 0.88]",deterministic evidence-strength rank; not a calibrated probability
selected Proposition,language,english|spanish,93,0.8870967741935488,0.07105693744488488,0.9,0.5,0.9,0.9,0.9,0.9,0.9,0.9,"[0.5, 0.9]",deterministic evidence-strength rank; not a calibrated probability
selected Proposition,language,french,740,0.8632432432432433,0.04667882106353174,0.87,0.5,0.9,0.82,0.85,0.9,0.9,0.9,"[0.5, 0.75, 0.82, 0.85, 0.87, 0.9]",deterministic evidence-strength rank; not a calibrated probability
selected Proposition,language,german,1648,0.8364684466019418,0.05756887250498858,0.85,0.5,0.9,0.75,0.82,0.88,0.9,0.9,"[0.5, 0.75, 0.82, 0.83, 0.85, 0.87, 0.88, 0.9]",deterministic evidence-strength rank; not a calibrated probability
selected Proposition,language,greek_script,1729,0.8589415847310585,0.05302080249976094,0.88,0.75,0.9,0.75,0.85,0.9,0.9,0.9,"[0.75, 0.8, 0.82, 0.83, 0.85, 0.87, 0.88, 0.9]",deterministic evidence-strength rank; not a calibrated probability
selected Proposition,language,latin_other,144,0.8256944444444445,0.06173089328450696,0.85,0.75,0.9,0.75,0.75,0.9,0.9,0.9,"[0.75, 0.8, 0.82, 0.85, 0.87, 0.9]",deterministic evidence-strength rank; not a calibrated probability
selected Proposition,language,south_slavic,2779,0.8448794530406621,0.07101302017316244,0.85,0.5,0.9,0.75,0.82,0.9,0.9,0.9,"[0.5, 0.75, 0.8, 0.82, 0.83, 0.85, 0.87, 0.88, 0.9]",deterministic evidence-strength rank; not a calibrated probability
selected Proposition,language,spanish,4112,0.833523832684825,0.07022956356991579,0.85,0.5,0.9,0.75,0.75,0.9,0.9,0.9,"[0.5, 0.75, 0.8, 0.82, 0.85, 0.87, 0.9]",deterministic evidence-strength rank; not a calibrated probability
selected Proposition,language,turkish,3791,0.8588868372461091,0.045933594529272086,0.87,0.5,0.9,0.75,0.83,0.9,0.9,0.9,"[0.5, 0.75, 0.8, 0.82, 0.83, 0.85, 0.87, 0.88, 0.9]",deterministic evidence-strength rank; not a calibrated probability
selected Proposition,collective,False,34835,0.8590015788718244,0.05316564091463139,0.85,0.5,0.9,0.82,0.83,0.9,0.9,0.9,"[0.5, 0.82, 0.83, 0.85, 0.87, 0.88, 0.9]",deterministic evidence-strength rank; not a calibrated probability
selected Proposition,collective,True,3871,0.752738310514079,0.013554120711282275,0.75,0.45,0.8,0.75,0.75,0.75,0.8,0.8,"[0.45, 0.75, 0.8]",deterministic evidence-strength rank; not a calibrated probability
selected Proposition,view_support,linked_only,370,0.8382702702702702,0.08399078819300228,0.87,0.5,0.88,0.5,0.83,0.87,0.88,0.88,"[0.5, 0.82, 0.83, 0.87, 0.88]",deterministic evidence-strength rank; not a calibrated probability
selected Proposition,view_support,strict_only,38336,0.8484716715358932,0.05953393948037676,0.85,0.45,0.9,0.75,0.82,0.9,0.9,0.9,"[0.45, 0.5, 0.75, 0.8, 0.82, 0.83, 0.85, 0.87, 0.88, 0.9]",deterministic evidence-strength rank; not a calibrated probability
selected Proposition detector participation,detector,v2_collective,3898,0.75351462288353,0.016483595522477412,0.75,0.45,0.9,0.75,0.75,0.75,0.8,0.8,"[0.45, 0.75, 0.8, 0.82, 0.87, 0.9]",deterministic evidence-strength rank; not a calibrated probability
selected Proposition detector participation,detector,v2_exact,20688,0.8720707656612527,0.054325399365725446,0.9,0.5,0.9,0.85,0.85,0.9,0.9,0.9,"[0.5, 0.85, 0.9]",deterministic evidence-strength rank; not a calibrated probability
selected Proposition detector participation,detector,v3_morphology,5914,0.8568397024010822,0.053337509409493604,0.88,0.5,0.9,0.83,0.83,0.88,0.9,0.9,"[0.5, 0.83, 0.88, 0.9]",deterministic evidence-strength rank; not a calibrated probability
selected Proposition detector participation,detector,v3_target,16387,0.8535467138585464,0.06337340541590282,0.87,0.5,0.9,0.82,0.82,0.9,0.9,0.9,"[0.5, 0.82, 0.85, 0.87, 0.9]",deterministic evidence-strength rank; not a calibrated probability
selected Proposition rule participation,rule,<no_explicit_rule>,12533,0.8671507220936727,0.033992911858976946,0.85,0.5,0.9,0.85,0.85,0.9,0.9,0.9,"[0.5, 0.85, 0.9]",deterministic evidence-strength rank; not a calibrated probability
selected Proposition rule participation,rule,baker_el,115,0.8800000000000001,1.1150817919292333e-16,0.88,0.88,0.88,0.88,0.88,0.88,0.88,0.88,[0.88],deterministic evidence-strength rank; not a calibrated probability
selected Proposition rule participation,rule,baker_nl,12,0.8758333333333335,0.014433756729740656,0.88,0.83,0.88,0.8575,0.88,0.88,0.88,0.88,"[0.83, 0.88]",deterministic evidence-strength rank; not a calibrated probability
selected Proposition rule participation,rule,baker_sl,175,0.8561142857142855,0.036715566735684435,0.88,0.5,0.88,0.83,0.83,0.88,0.88,0.88,"[0.5, 0.83, 0.88]",deterministic evidence-strength rank; not a calibrated probability
selected Proposition rule participation,rule,baker_variants,1060,0.8648490566037736,0.03684277199157568,0.88,0.5,0.88,0.83,0.83,0.88,0.88,0.88,"[0.5, 0.83, 0.88]",deterministic evidence-strength rank; not a calibrated probability
selected Proposition rule participation,rule,both_menisci,689,0.7563860667634253,0.025994781068361554,0.75,0.45,0.87,0.75,0.75,0.75,0.8,0.8260000000000002,"[0.45, 0.75, 0.8, 0.82, 0.87]",deterministic evidence-strength rank; not a calibrated probability
selected Proposition rule participation,rule,both_menisci_negative_only,933,0.750300107181136,0.004576011578082902,0.75,0.75,0.82,0.75,0.75,0.75,0.75,0.75,"[0.75, 0.82]",deterministic evidence-strength rank; not a calibrated probability
selected Proposition rule participation,rule,collateral_ligaments,914,0.75,0.0,0.75,0.75,0.75,0.75,0.75,0.75,0.75,0.75,[0.75],deterministic evidence-strength rank; not a calibrated probability
selected Proposition rule participation,rule,compartment_normality,865,0.8200000000000002,2.221730658006457e-16,0.82,0.82,0.82,0.82,0.82,0.82,0.82,0.82,[0.82],deterministic evidence-strength rank; not a calibrated probability
selected Proposition rule participation,rule,compartment_scope,3428,0.8659218203033839,0.042573978415473314,0.87,0.5,0.9,0.82,0.82,0.9,0.9,0.9,"[0.5, 0.82, 0.87, 0.9]",deterministic evidence-strength rank; not a calibrated probability
selected Proposition rule participation,rule,contusion_cyr,30,0.8799999999999998,2.2584051416334807e-16,0.88,0.88,0.88,0.88,0.88,0.88,0.88,0.88,[0.88],deterministic evidence-strength rank; not a calibrated probability
selected Proposition rule participation,rule,contusion_el,48,0.8789583333333333,0.007216878364870329,0.88,0.83,0.88,0.88,0.88,0.88,0.88,0.88,"[0.83, 0.88]",deterministic evidence-strength rank; not a calibrated probability
selected Proposition rule participation,rule,contusion_en,807,0.841449814126394,0.062167265343091624,0.83,0.5,0.88,0.83,0.83,0.88,0.88,0.88,"[0.5, 0.83, 0.88]",deterministic evidence-strength rank; not a calibrated probability
selected Proposition rule participation,rule,contusion_sl,12,0.8483333333333335,0.1096965511460289,0.88,0.5,0.88,0.7090000000000001,0.88,0.88,0.88,0.88,"[0.5, 0.88]",deterministic evidence-strength rank; not a calibrated probability
selected Proposition rule participation,rule,contusion_tr,35,0.8582857142857142,0.08949156103118505,0.88,0.5,0.88,0.766,0.88,0.88,0.88,0.88,"[0.5, 0.88]",deterministic evidence-strength rank; not a calibrated probability
selected Proposition rule participation,rule,cruciate_and_collateral_ligaments,705,0.75,0.0,0.75,0.75,0.75,0.75,0.75,0.75,0.75,0.75,[0.75],deterministic evidence-strength rank; not a calibrated probability
selected Proposition rule participation,rule,cruciate_ligaments,876,0.75,0.0,0.75,0.75,0.75,0.75,0.75,0.75,0.75,0.75,[0.75],deterministic evidence-strength rank; not a calibrated probability
selected Proposition rule participation,rule,effusion_de_root,149,0.8659060402684563,0.022571610452153695,0.88,0.83,0.88,0.83,0.83,0.88,0.88,0.88,"[0.83, 0.88]",deterministic evidence-strength rank; not a calibrated probability
selected Proposition rule participation,rule,effusion_el_root,198,0.8693939393939393,0.020492325259830437,0.88,0.83,0.88,0.83,0.88,0.88,0.88,0.88,"[0.83, 0.88]",deterministic evidence-strength rank; not a calibrated probability
selected Proposition rule participation,rule,effusion_en_plural,1790,0.8651675977653632,0.03496944062898456,0.88,0.5,0.88,0.83,0.83,0.88,0.88,0.88,"[0.5, 0.83, 0.88]",deterministic evidence-strength rank; not a calibrated probability
selected Proposition rule participation,rule,effusion_tr_root,470,0.8659574468085107,0.022494687784940286,0.88,0.83,0.88,0.83,0.83,0.88,0.88,0.88,"[0.83, 0.88]",deterministic evidence-strength rank; not a calibrated probability
selected Proposition rule participation,rule,fracture_cyr,34,0.8761764705882351,0.03275387609561637,0.9,0.83,0.9,0.83,0.83,0.9,0.9,0.9,"[0.83, 0.88, 0.9]",deterministic evidence-strength rank; not a calibrated probability
selected Proposition rule participation,rule,fracture_de,51,0.8323529411764704,0.011931175180026099,0.83,0.83,0.9,0.83,0.83,0.83,0.83,0.89,"[0.83, 0.88, 0.9]",deterministic evidence-strength rank; not a calibrated probability
selected Proposition rule participation,rule,fracture_el,56,0.8951785714285716,0.016291779458428673,0.9,0.83,0.9,0.8674999999999999,0.9,0.9,0.9,0.9,"[0.83, 0.88, 0.9]",deterministic evidence-strength rank; not a calibrated probability
selected Proposition rule participation,rule,fracture_en,874,0.8305606407322654,0.0879317219632599,0.83,0.5,0.9,0.5,0.83,0.9,0.9,0.9,"[0.5, 0.83, 0.88, 0.9]",deterministic evidence-strength rank; not a calibrated probability
selected Proposition rule participation,rule,fracture_fr,64,0.836875,0.05035981643246043,0.83,0.5,0.9,0.83,0.83,0.83,0.9,0.9,"[0.5, 0.83, 0.9]",deterministic evidence-strength rank; not a calibrated probability
selected Proposition rule participation,rule,fracture_sl,22,0.834090909090909,0.1380013488860609,0.9,0.5,0.9,0.5,0.8425,0.9,0.9,0.9,"[0.5, 0.83, 0.88, 0.9]",deterministic evidence-strength rank; not a calibrated probability
selected Proposition rule participation,rule,fracture_tr,28,0.8414285714285713,0.14204105524692984,0.9,0.5,0.9,0.5,0.9,0.9,0.9,0.9,"[0.5, 0.88, 0.9]",deterministic evidence-strength rank; not a calibrated probability
selected Proposition rule participation,rule,lateral_and_patellofemoral_compartments,5,0.8480000000000001,0.04549725266430929,0.87,0.8,0.9,0.8,0.8,0.87,0.894,0.8988,"[0.8, 0.87, 0.9]",deterministic evidence-strength rank; not a calibrated probability
selected Proposition rule participation,rule,synovitis_de,16,0.8531249999999999,0.09498903445486045,0.88,0.5,0.88,0.7474999999999999,0.88,0.88,0.88,0.88,"[0.5, 0.83, 0.88]",deterministic evidence-strength rank; not a calibrated probability
selected Proposition rule participation,rule,synovitis_el,36,0.8799999999999999,1.1259716555514165e-16,0.88,0.88,0.88,0.88,0.88,0.88,0.88,0.88,[0.88],deterministic evidence-strength rank; not a calibrated probability
selected Proposition rule participation,rule,synovitis_sl,3,0.88,0.0,0.88,0.88,0.88,0.88,0.88,0.88,0.88,0.88,[0.88],deterministic evidence-strength rank; not a calibrated probability
selected Proposition rule participation,rule,synovitis_tr,22,0.88,0.0,0.88,0.88,0.88,0.88,0.88,0.88,0.88,0.88,[0.88],deterministic evidence-strength rank; not a calibrated probability
selected Proposition rule participation,rule,target_local_association,7607,0.8715722360983307,0.08154599731874912,0.9,0.5,0.9,0.85,0.87,0.9,0.9,0.9,"[0.5, 0.82, 0.85, 0.87, 0.9]",deterministic evidence-strength rank; not a calibrated probability
selected Proposition rule participation,rule,target_local_normality,4487,0.8200000000000001,1.1103467608222112e-16,0.82,0.82,0.82,0.82,0.82,0.82,0.82,0.82,[0.82],deterministic evidence-strength rank; not a calibrated probability
selected Proposition rule participation,rule,tibiofemoral_compartments,616,0.7641883116883117,0.026405042504515964,0.75,0.75,0.9,0.75,0.75,0.8,0.8,0.87,"[0.75, 0.8, 0.87, 0.9]",deterministic evidence-strength rank; not a calibrated probability
selected Proposition language participation,language,cyrillic_script,1436,0.8519428969359332,0.05684062514857976,0.87,0.75,0.9,0.75,0.82,0.9,0.9,0.9,"[0.75, 0.82, 0.83, 0.85, 0.87, 0.88, 0.9]",deterministic evidence-strength rank; not a calibrated probability
selected Proposition language participation,language,dutch,1076,0.841050185873606,0.06542393623532262,0.85,0.5,0.9,0.75,0.82,0.9,0.9,0.9,"[0.5, 0.75, 0.82, 0.83, 0.85, 0.87, 0.88, 0.9]",deterministic evidence-strength rank; not a calibrated probability
selected Proposition language participation,language,english,21264,0.8496755079006773,0.05835167100864175,0.85,0.45,0.9,0.75,0.82,0.9,0.9,0.9,"[0.45, 0.5, 0.75, 0.8, 0.82, 0.83, 0.85, 0.87, 0.88, 0.9]",deterministic evidence-strength rank; not a calibrated probability
selected Proposition language participation,language,french,804,0.8611442786069653,0.04748923013097673,0.87,0.5,0.9,0.82,0.83,0.9,0.9,0.9,"[0.5, 0.75, 0.82, 0.83, 0.85, 0.87, 0.9]",deterministic evidence-strength rank; not a calibrated probability
selected Proposition language participation,language,german,1648,0.8364684466019418,0.05756887250498858,0.85,0.5,0.9,0.75,0.82,0.88,0.9,0.9,"[0.5, 0.75, 0.82, 0.83, 0.85, 0.87, 0.88, 0.9]",deterministic evidence-strength rank; not a calibrated probability
selected Proposition language participation,language,greek_script,1757,0.8592885600455322,0.05266913692179779,0.88,0.75,0.9,0.75,0.85,0.9,0.9,0.9,"[0.75, 0.8, 0.82, 0.83, 0.85, 0.87, 0.88, 0.9]",deterministic evidence-strength rank; not a calibrated probability
selected Proposition language participation,language,latin_other,145,0.8262068965517242,0.06182489795917851,0.85,0.75,0.9,0.75,0.75,0.9,0.9,0.9,"[0.75, 0.8, 0.82, 0.85, 0.87, 0.9]",deterministic evidence-strength rank; not a calibrated probability
selected Proposition language participation,language,south_slavic,2868,0.8458368200836821,0.07046086672563465,0.85,0.5,0.9,0.75,0.83,0.9,0.9,0.9,"[0.5, 0.75, 0.8, 0.82, 0.83, 0.85, 0.87, 0.88, 0.9]",deterministic evidence-strength rank; not a calibrated probability
selected Proposition language participation,language,spanish,4205,0.8347086801426873,0.07068000572724864,0.85,0.5,0.9,0.75,0.75,0.9,0.9,0.9,"[0.5, 0.75, 0.8, 0.82, 0.85, 0.87, 0.9]",deterministic evidence-strength rank; not a calibrated probability
selected Proposition language participation,language,turkish,3791,0.8588868372461091,0.045933594529272086,0.87,0.5,0.9,0.75,0.83,0.9,0.9,0.9,"[0.5, 0.75, 0.8, 0.82, 0.83, 0.85, 0.87, 0.88, 0.9]",deterministic evidence-strength rank; not a calibrated probability
