detector_combination,detector_count,detector_count_bucket,propositions,selected_propositions,unique_studies,targets,statuses,phenotypes
v2_exact,1,1,14711,12533,3966,"[""ACL"", ""Baker's"", ""Contusion"", ""Effusion"", ""Fracture"", ""Lateral Meniscus"", ""Lateral OA"", ""MCL"", ""Medial Meniscus"", ""Medial OA"", ""PF OA"", ""Synovitis""]","[""negative"", ""positive"", ""uncertain""]","[""abnormality"", ""abnormality_absent"", ""avulsion"", ""chondral_abnormality"", ""degeneration"", ""extrusion"", ""fracture"", ""sprain"", ""tear""]"
v3_target,1,1,9103,8603,3292,"[""ACL"", ""Lateral Meniscus"", ""Lateral OA"", ""MCL"", ""Medial Meniscus"", ""Medial OA"", ""PF OA""]","[""negative"", ""positive"", ""uncertain""]","[""abnormality"", ""abnormality_absent"", ""avulsion"", ""chondral_abnormality"", ""chondral_abnormality_absent"", ""degeneration"", ""extrusion"", ""normal_cartilage"", ""normal_structure"", ""sprain"", ""tear""]"
v3_target|v2_exact,2,2,7865,7758,3024,"[""ACL"", ""Lateral Meniscus"", ""Lateral OA"", ""MCL"", ""Medial Meniscus"", ""Medial OA"", ""PF OA""]","[""negative"", ""positive"", ""uncertain""]","[""abnormality"", ""abnormality_absent"", ""avulsion"", ""chondral_abnormality"", ""degeneration"", ""extrusion"", ""sprain"", ""tear""]"
v3_morphology,1,1,5750,5519,2764,"[""Baker's"", ""Contusion"", ""Effusion"", ""Fracture"", ""Synovitis""]","[""negative"", ""positive"", ""uncertain""]","[""baker_cyst"", ""baker_cyst_absent"", ""bone_contusion"", ""bone_contusion_absent"", ""fracture"", ""fracture_absent"", ""joint_effusion"", ""joint_effusion_absent"", ""synovitis"", ""synovitis_absent"", ""tear""]"
v2_collective,1,1,3927,3871,1837,"[""ACL"", ""Lateral Meniscus"", ""Lateral OA"", ""MCL"", ""Medial Meniscus"", ""Medial OA"", ""PF OA""]","[""negative"", ""positive"", ""uncertain""]","[""abnormality"", ""abnormality_absent"", ""avulsion"", ""chondral_abnormality"", ""degeneration"", ""sprain"", ""tear""]"
v3_morphology|v2_exact,2,2,427,395,267,"[""Fracture""]","[""positive"", ""uncertain""]","[""fracture""]"
v3_target|v2_collective,2,2,26,25,23,"[""Lateral Meniscus"", ""Lateral OA"", ""Medial OA"", ""PF OA""]","[""negative"", ""positive""]","[""abnormality_absent"", ""chondral_abnormality"", ""tear""]"
v2_exact|v2_collective,2,2,1,1,1,"[""Lateral OA""]","[""positive""]","[""abnormality""]"
v3_target|v2_exact|v2_collective,3,3+,1,1,1,"[""Lateral OA""]","[""positive""]","[""chondral_abnormality""]"
