level,group_size,groups,instances
Report,2,32,64
Report,3,9,27
Report,4,2,8
Report,5,4,20
Report,6,3,18
Report,13,1,13
Report,14,1,14
Report,37,1,37
strict TextView,2,2391,4782
strict TextView,3,683,2049
strict TextView,4,390,1560
strict TextView,5,251,1255
strict TextView,6,197,1182
strict TextView,7,125,875
strict TextView,8,108,864
strict TextView,9,86,774
strict TextView,10,69,690
strict TextView,11,53,583
strict TextView,12,41,492
strict TextView,13,32,416
strict TextView,14,32,448
strict TextView,15,24,360
strict TextView,16,39,624
strict TextView,17,20,340
strict TextView,18,21,378
strict TextView,19,19,361
strict TextView,20,8,160
strict TextView,21,14,294
strict TextView,22,19,418
strict TextView,23,17,391
strict TextView,24,9,216
strict TextView,25,10,250
strict TextView,26,16,416
strict TextView,27,6,162
strict TextView,28,14,392
strict TextView,29,7,203
strict TextView,30,3,90
strict TextView,31,13,403
strict TextView,32,9,288
strict TextView,33,9,297
strict TextView,34,7,238
strict TextView,35,6,210
strict TextView,36,7,252
strict TextView,37,7,259
strict TextView,38,8,304
strict TextView,39,5,195
strict TextView,40,1,40
strict TextView,41,4,164
strict TextView,42,4,168
strict TextView,43,8,344
strict TextView,44,4,176
strict TextView,45,2,90
strict TextView,47,3,141
strict TextView,48,4,192
strict TextView,49,2,98
strict TextView,50,5,250
strict TextView,51,3,153
strict TextView,52,3,156
strict TextView,53,2,106
strict TextView,54,2,108
strict TextView,55,5,275
strict TextView,56,1,56
strict TextView,57,2,114
strict TextView,58,5,290
strict TextView,59,2,118
strict TextView,61,1,61
strict TextView,62,1,62
strict TextView,63,6,378
strict TextView,65,3,195
strict TextView,67,1,67
strict TextView,68,1,68
strict TextView,69,2,138
strict TextView,70,1,70
strict TextView,72,4,288
strict TextView,73,1,73
strict TextView,74,3,222
strict TextView,75,1,75
strict TextView,76,1,76
strict TextView,77,3,231
strict TextView,78,1,78
strict TextView,80,3,240
strict TextView,81,2,162
strict TextView,82,1,82
strict TextView,83,2,166
strict TextView,84,3,252
strict TextView,85,1,85
strict TextView,87,1,87
strict TextView,90,1,90
strict TextView,95,1,95
strict TextView,96,1,96
strict TextView,101,1,101
strict TextView,105,1,105
strict TextView,106,1,106
strict TextView,108,1,108
strict TextView,111,1,111
strict TextView,112,1,112
strict TextView,116,1,116
strict TextView,117,1,117
strict TextView,118,1,118
strict TextView,119,1,119
strict TextView,121,1,121
strict TextView,123,1,123
strict TextView,126,1,126
strict TextView,129,1,129
strict TextView,131,2,262
strict TextView,137,1,137
strict TextView,142,1,142
strict TextView,143,1,143
strict TextView,147,1,147
strict TextView,148,2,296
strict TextView,149,1,149
strict TextView,158,1,158
strict TextView,159,1,159
strict TextView,160,1,160
strict TextView,163,1,163
strict TextView,165,1,165
strict TextView,167,3,501
strict TextView,169,1,169
strict TextView,172,1,172
strict TextView,177,1,177
strict TextView,179,1,179
strict TextView,185,1,185
strict TextView,192,1,192
strict TextView,193,1,193
strict TextView,196,1,196
strict TextView,205,1,205
strict TextView,209,1,209
strict TextView,220,1,220
strict TextView,246,1,246
strict TextView,247,1,247
strict TextView,252,1,252
strict TextView,260,1,260
strict TextView,269,1,269
strict TextView,273,1,273
strict TextView,277,1,277
strict TextView,280,2,560
strict TextView,283,1,283
strict TextView,285,2,570
strict TextView,286,1,286
strict TextView,287,1,287
strict TextView,289,1,289
strict TextView,293,1,293
strict TextView,297,1,297
strict TextView,298,1,298
strict TextView,300,1,300
strict TextView,302,1,302
strict TextView,305,1,305
strict TextView,307,2,614
strict TextView,311,2,622
strict TextView,312,1,312
strict TextView,316,1,316
strict TextView,321,1,321
strict TextView,326,1,326
strict TextView,333,1,333
strict TextView,334,1,334
strict TextView,336,1,336
strict TextView,342,1,342
strict TextView,348,1,348
strict TextView,349,1,349
strict TextView,351,1,351
strict TextView,353,1,353
strict TextView,356,1,356
strict TextView,363,1,363
strict TextView,475,1,475
strict TextView,534,1,534
strict TextView,588,1,588
strict TextView,632,1,632
strict TextView,657,1,657
linked TextView,2,47,94
linked TextView,3,15,45
linked TextView,4,2,8
linked TextView,5,5,25
linked TextView,6,6,36
linked TextView,7,3,21
linked TextView,8,2,16
linked TextView,9,1,9
linked TextView,10,1,10
linked TextView,11,1,11
linked TextView,12,2,24
linked TextView,15,1,15
linked TextView,20,1,20
linked TextView,22,1,22
linked TextView,23,1,23
linked TextView,34,2,68
linked TextView,37,1,37
linked TextView,43,1,43
linked TextView,45,1,45
linked TextView,52,1,52
linked TextView,62,1,62
linked TextView,166,1,166
linked TextView,298,1,298
linked TextView,491,1,491
selected evidence,2,2423,4846
selected evidence,3,528,1584
selected evidence,4,356,1424
selected evidence,5,85,425
selected evidence,6,121,726
selected evidence,7,33,231
selected evidence,8,65,520
selected evidence,9,31,279
selected evidence,10,43,430
selected evidence,11,17,187
selected evidence,12,36,432
selected evidence,13,14,182
selected evidence,14,23,322
selected evidence,15,10,150
selected evidence,16,29,464
selected evidence,17,7,119
selected evidence,18,16,288
selected evidence,19,7,133
selected evidence,20,10,200
selected evidence,21,5,105
selected evidence,22,7,154
selected evidence,23,6,138
selected evidence,24,4,96
selected evidence,25,1,25
selected evidence,26,9,234
selected evidence,27,2,54
selected evidence,28,7,196
selected evidence,29,4,116
selected evidence,30,3,90
selected evidence,31,4,124
selected evidence,32,4,128
selected evidence,33,3,99
selected evidence,34,2,68
selected evidence,35,4,140
selected evidence,36,4,144
selected evidence,37,2,74
selected evidence,38,3,114
selected evidence,39,1,39
selected evidence,40,3,120
selected evidence,41,2,82
selected evidence,42,4,168
selected evidence,43,1,43
selected evidence,44,4,176
selected evidence,45,2,90
selected evidence,47,4,188
selected evidence,49,2,98
selected evidence,50,4,200
selected evidence,51,2,102
selected evidence,52,4,208
selected evidence,55,1,55
selected evidence,56,1,56
selected evidence,57,1,57
selected evidence,58,3,174
selected evidence,62,2,124
selected evidence,64,3,192
selected evidence,65,2,130
selected evidence,66,2,132
selected evidence,67,1,67
selected evidence,69,1,69
selected evidence,72,1,72
selected evidence,74,1,74
selected evidence,76,4,304
selected evidence,79,1,79
selected evidence,80,2,160
selected evidence,82,1,82
selected evidence,84,3,252
selected evidence,86,1,86
selected evidence,93,1,93
selected evidence,101,1,101
selected evidence,102,1,102
selected evidence,106,2,212
selected evidence,110,2,220
selected evidence,112,1,112
selected evidence,114,1,114
selected evidence,115,2,230
selected evidence,116,2,232
selected evidence,123,1,123
selected evidence,125,1,125
selected evidence,131,1,131
selected evidence,132,1,132
selected evidence,136,1,136
selected evidence,138,1,138
selected evidence,140,1,140
selected evidence,143,1,143
selected evidence,162,1,162
selected evidence,166,1,166
selected evidence,174,1,174
selected evidence,189,1,189
selected evidence,220,1,220
selected evidence,247,1,247
selected evidence,259,1,259
selected evidence,283,1,283
selected evidence,294,1,294
selected evidence,327,1,327
selected evidence,382,1,382
selected evidence,395,1,395
selected evidence,410,1,410
selected evidence,417,1,417
selected evidence,439,1,439
selected evidence,443,1,443
selected evidence,546,1,546
selected evidence,553,1,553
selected evidence,585,1,585
selected evidence,741,1,741
selected evidence,980,1,980
