negation_type,target,report_language_group,detector_combination,rule_combination,phenotype,evidence_instances,unique_evidence_texts,unique_studies,example_evidence,classification_basis
explicit_normality,ACL,cyrillic_script,v2_collective,cruciate_ligaments,abnormality_absent,130,29,129,кръстните връзки са със запазена цялост.,"existing NEGATION_TERMS, POSTPOSED_NEGATION_TERMS, NORMALITY_TERMS and stored spans"
explicit_normality,ACL,cyrillic_script,v2_exact,<no_explicit_rule>,abnormality_absent,11,8,11,предна кръстна връзка се проследява до залавните си места и е с нормална форма.,"existing NEGATION_TERMS, POSTPOSED_NEGATION_TERMS, NORMALITY_TERMS and stored spans"
explicit_normality,ACL,cyrillic_script,v3_target,target_local_normality,normal_structure,12,9,12,предна кръстна връзка се проследява до залавните си места и е с нормална форма.,"existing NEGATION_TERMS, POSTPOSED_NEGATION_TERMS, NORMALITY_TERMS and stored spans"
explicit_normality,ACL,dutch,v2_collective,cruciate_ligaments,abnormality_absent,55,15,55,kruisbanden en laterale banden intact.,"existing NEGATION_TERMS, POSTPOSED_NEGATION_TERMS, NORMALITY_TERMS and stored spans"
explicit_normality,ACL,dutch,v2_exact,<no_explicit_rule>,abnormality_absent,42,4,42,intacte voorste kruisband.,"existing NEGATION_TERMS, POSTPOSED_NEGATION_TERMS, NORMALITY_TERMS and stored spans"
explicit_normality,ACL,dutch,v3_target,target_local_normality,normal_structure,42,4,42,intacte voorste kruisband.,"existing NEGATION_TERMS, POSTPOSED_NEGATION_TERMS, NORMALITY_TERMS and stored spans"
explicit_normality,ACL,english,v2_collective,cruciate_and_collateral_ligaments,abnormality_absent,51,17,51,intact cruciate and collateral ligaments.,"existing NEGATION_TERMS, POSTPOSED_NEGATION_TERMS, NORMALITY_TERMS and stored spans"
explicit_normality,ACL,english,v2_collective,cruciate_ligaments,abnormality_absent,116,17,116,"in the intercondylar notch, the anterior and posterior cruciate ligaments are intact.","existing NEGATION_TERMS, POSTPOSED_NEGATION_TERMS, NORMALITY_TERMS and stored spans"
explicit_normality,ACL,english,v2_exact,<no_explicit_rule>,abnormality_absent,729,65,729,"normal acl, pcl, mcl and lcl.","existing NEGATION_TERMS, POSTPOSED_NEGATION_TERMS, NORMALITY_TERMS and stored spans"
explicit_normality,ACL,english,v3_target,target_local_normality,normal_structure,750,76,744,"normal acl, pcl, mcl and lcl.","existing NEGATION_TERMS, POSTPOSED_NEGATION_TERMS, NORMALITY_TERMS and stored spans"
explicit_normality,ACL,french,v2_collective,cruciate_ligaments,abnormality_absent,20,9,20,les ligaments croises anterieur et posterieur sont intacts et sans dechirure.,"existing NEGATION_TERMS, POSTPOSED_NEGATION_TERMS, NORMALITY_TERMS and stored spans"
explicit_normality,ACL,french,v2_exact,<no_explicit_rule>,abnormality_absent,22,2,22,ligament croise anterieur : normal.,"existing NEGATION_TERMS, POSTPOSED_NEGATION_TERMS, NORMALITY_TERMS and stored spans"
explicit_normality,ACL,french,v3_target,target_local_normality,normal_structure,22,2,22,ligament croise anterieur : normal.,"existing NEGATION_TERMS, POSTPOSED_NEGATION_TERMS, NORMALITY_TERMS and stored spans"
explicit_normality,ACL,german,v2_collective,cruciate_ligaments,abnormality_absent,147,39,147,kreuzbander intakt.,"existing NEGATION_TERMS, POSTPOSED_NEGATION_TERMS, NORMALITY_TERMS and stored spans"
explicit_normality,ACL,german,v2_exact,<no_explicit_rule>,abnormality_absent,4,3,4,kapsel sehnen bander: intakte darstellung und unauffalliger verlauf von acl und pcl.,"existing NEGATION_TERMS, POSTPOSED_NEGATION_TERMS, NORMALITY_TERMS and stored spans"
explicit_normality,ACL,german,v3_target,target_local_normality,normal_structure,4,3,4,kapsel sehnen bander: intakte darstellung und unauffalliger verlauf von acl und pcl.,"existing NEGATION_TERMS, POSTPOSED_NEGATION_TERMS, NORMALITY_TERMS and stored spans"
explicit_normality,ACL,greek_script,v2_collective,cruciate_and_collateral_ligaments,abnormality_absent,18,17,18,"απο τον ελεγχο των μηνισκων, των χιαστων και πλαγιων συνδεσμων, του αρθρικου χονδρου, του οστικου μυελου και του εκτατικου μηχανισμου δεν παρατηρουνται παθολογικα ευρηματα.","existing NEGATION_TERMS, POSTPOSED_NEGATION_TERMS, NORMALITY_TERMS and stored spans"
explicit_normality,ACL,greek_script,v2_collective,cruciate_and_collateral_ligaments|cruciate_ligaments,abnormality_absent,31,17,31,χιαστοι και πλαγιοι συνδεσμοι απεικονιζονται εντος του φυσιολογικου.,"existing NEGATION_TERMS, POSTPOSED_NEGATION_TERMS, NORMALITY_TERMS and stored spans"
explicit_normality,ACL,greek_script,v2_collective,cruciate_ligaments,abnormality_absent,24,21,23,"εντος του φυσιολογικου ελεγχονται οι μηνισκοι, οι πλαγιοι και οι χιαστοι συνδεσμοι.","existing NEGATION_TERMS, POSTPOSED_NEGATION_TERMS, NORMALITY_TERMS and stored spans"
explicit_normality,ACL,latin_other,v2_collective,cruciate_and_collateral_ligaments,abnormality_absent,5,5,5,"intact cruciate and collateral ligaments, popliteus musculotendinous unit, extensor tendons and distal iliotibial band.","existing NEGATION_TERMS, POSTPOSED_NEGATION_TERMS, NORMALITY_TERMS and stored spans"
explicit_normality,ACL,latin_other,v2_collective,cruciate_and_collateral_ligaments|cruciate_ligaments,abnormality_absent,2,1,2,ligamentos cruzados y colaterales de grosor y senal normal.,"existing NEGATION_TERMS, POSTPOSED_NEGATION_TERMS, NORMALITY_TERMS and stored spans"
explicit_normality,ACL,latin_other,v2_collective,cruciate_ligaments,abnormality_absent,3,2,3,compartiment intercondylaire (ligaments croises anterieur et posterieur) : normal.,"existing NEGATION_TERMS, POSTPOSED_NEGATION_TERMS, NORMALITY_TERMS and stored spans"
explicit_normality,ACL,latin_other,v2_exact,<no_explicit_rule>,abnormality_absent,4,4,4,"prednji krizni ligament je odrzanog kontinuiteta, primjerenih intenziteta signala.","existing NEGATION_TERMS, POSTPOSED_NEGATION_TERMS, NORMALITY_TERMS and stored spans"
explicit_normality,ACL,latin_other,v3_target,target_local_normality,normal_structure,4,4,4,"prednji krizni ligament je odrzanog kontinuiteta, primjerenih intenziteta signala.","existing NEGATION_TERMS, POSTPOSED_NEGATION_TERMS, NORMALITY_TERMS and stored spans"
explicit_normality,ACL,south_slavic,v2_collective,cruciate_ligaments,abnormality_absent,51,28,51,"na seriji mr presjeka desnog koljena nalazi se uredna morfologija i intenziteti signala kolateralnih ligamenata, prednjeg i straznjeg kriznog ligamenta, iliotibijalnog traktusa, patelarne tetive i tetive m.","existing NEGATION_TERMS, POSTPOSED_NEGATION_TERMS, NORMALITY_TERMS and stored spans"
explicit_normality,ACL,south_slavic,v2_exact,<no_explicit_rule>,abnormality_absent,72,24,72,prednji krizni ligament je urednog intenziteta signala te se prati u kontinuitetu.,"existing NEGATION_TERMS, POSTPOSED_NEGATION_TERMS, NORMALITY_TERMS and stored spans"
explicit_normality,ACL,south_slavic,v3_target,target_local_normality,normal_structure,147,69,146,"na seriji mr presjeka desnog koljena nalazi se uredna morfologija i intenziteti signala kolateralnih ligamenata, prednjeg i straznjeg kriznog ligamenta, iliotibijalnog traktusa, patelarne tetive i tetive m.","existing NEGATION_TERMS, POSTPOSED_NEGATION_TERMS, NORMALITY_TERMS and stored spans"
explicit_normality,ACL,spanish,v2_collective,cruciate_and_collateral_ligaments|cruciate_ligaments,abnormality_absent,236,9,236,ligamentos cruzados y colaterales dentro de limites normales.,"existing NEGATION_TERMS, POSTPOSED_NEGATION_TERMS, NORMALITY_TERMS and stored spans"
explicit_normality,ACL,spanish,v2_collective,cruciate_ligaments,abnormality_absent,34,4,34,ligamentos cruzados y colateral lateral sin alteraciones.,"existing NEGATION_TERMS, POSTPOSED_NEGATION_TERMS, NORMALITY_TERMS and stored spans"
explicit_normality,ACL,spanish,v2_exact,<no_explicit_rule>,abnormality_absent,3,2,3,lca y ligamentos colaterales dentro de limites normales.,"existing NEGATION_TERMS, POSTPOSED_NEGATION_TERMS, NORMALITY_TERMS and stored spans"
explicit_normality,ACL,spanish,v3_target,target_local_normality,normal_structure,5,3,4,lca y ligamentos colaterales dentro de limites normales.,"existing NEGATION_TERMS, POSTPOSED_NEGATION_TERMS, NORMALITY_TERMS and stored spans"
explicit_normality,ACL,turkish,v2_collective,cruciate_ligaments,abnormality_absent,7,4,7,capraz baglar normal.,"existing NEGATION_TERMS, POSTPOSED_NEGATION_TERMS, NORMALITY_TERMS and stored spans"
explicit_normality,ACL,turkish,v2_exact,<no_explicit_rule>,abnormality_absent,43,12,43,"on capraz bag ve arka capraz bag, lateral kollateral ligaman normaldir.","existing NEGATION_TERMS, POSTPOSED_NEGATION_TERMS, NORMALITY_TERMS and stored spans"
explicit_normality,ACL,turkish,v3_target,target_local_normality,normal_structure,43,12,43,"on capraz bag ve arka capraz bag, lateral kollateral ligaman normaldir.","existing NEGATION_TERMS, POSTPOSED_NEGATION_TERMS, NORMALITY_TERMS and stored spans"
explicit_normality,Contusion,english,v2_exact,<no_explicit_rule>,abnormality_absent,2,2,2,no abnormal bone marrow edema or bone contusions.,"existing NEGATION_TERMS, POSTPOSED_NEGATION_TERMS, NORMALITY_TERMS and stored spans"
explicit_normality,Contusion,german,v2_exact,<no_explicit_rule>,abnormality_absent,10,5,10,"in den vorliegenden sequenzen unauffallige signalgebung der ossaren strukturen, kein knochenmarksodem, kein bone bruise.","existing NEGATION_TERMS, POSTPOSED_NEGATION_TERMS, NORMALITY_TERMS and stored spans"
explicit_normality,Effusion,german,v2_exact,<no_explicit_rule>,abnormality_absent,2,2,2,"intakte darstellung der gelenkkapsel, kein wesentlicher erguss.","existing NEGATION_TERMS, POSTPOSED_NEGATION_TERMS, NORMALITY_TERMS and stored spans"
explicit_normality,Effusion,latin_other,v2_exact,<no_explicit_rule>,abnormality_absent,1,1,1,"> no effusion of the joint, and the patella and the patellar tendon otherwise appear normal.","existing NEGATION_TERMS, POSTPOSED_NEGATION_TERMS, NORMALITY_TERMS and stored spans"
explicit_normality,Fracture,cyrillic_script,v2_exact,<no_explicit_rule>,abnormality_absent,2,2,2,"костите, формиращи дясната колянна става са с нормална форма и сигнален интензитет, без данни за фрактура.","existing NEGATION_TERMS, POSTPOSED_NEGATION_TERMS, NORMALITY_TERMS and stored spans"
explicit_normality,Fracture,english,v2_exact,<no_explicit_rule>,abnormality_absent,3,3,3,"no fracture or marrow infiltration, minimal intra articular fluid, probably within normal physiological limits.","existing NEGATION_TERMS, POSTPOSED_NEGATION_TERMS, NORMALITY_TERMS and stored spans"
explicit_normality,Fracture,south_slavic,v2_exact,<no_explicit_rule>,abnormality_absent,1,1,1,"uredan intenzitet signala svih kostanih struktura, bez znakova frakture, kostanog edema ili osteonekroze.","existing NEGATION_TERMS, POSTPOSED_NEGATION_TERMS, NORMALITY_TERMS and stored spans"
explicit_normality,Lateral Meniscus,cyrillic_script,v2_collective,both_menisci_negative_only,abnormality_absent,8,3,8,нормално изобразяване на менискусите.,"existing NEGATION_TERMS, POSTPOSED_NEGATION_TERMS, NORMALITY_TERMS and stored spans"
explicit_normality,Lateral Meniscus,cyrillic_script,v2_exact,<no_explicit_rule>,abnormality_absent,84,15,84,нормално изобразяване на латералния менискус.,"existing NEGATION_TERMS, POSTPOSED_NEGATION_TERMS, NORMALITY_TERMS and stored spans"
explicit_normality,Lateral Meniscus,cyrillic_script,v3_target,target_local_normality,normal_structure,88,16,86,нормално изобразяване на латералния менискус.,"existing NEGATION_TERMS, POSTPOSED_NEGATION_TERMS, NORMALITY_TERMS and stored spans"
explicit_normality,Lateral Meniscus,dutch,v2_collective,both_menisci_negative_only,abnormality_absent,4,3,4,de signaalintensiteiten van de menisci lijken binnen normale grenzen.,"existing NEGATION_TERMS, POSTPOSED_NEGATION_TERMS, NORMALITY_TERMS and stored spans"
explicit_normality,Lateral Meniscus,dutch,v2_collective,both_menisci|both_menisci_negative_only,abnormality_absent,36,3,36,normaal voorkomende menisci.,"existing NEGATION_TERMS, POSTPOSED_NEGATION_TERMS, NORMALITY_TERMS and stored spans"
explicit_normality,Lateral Meniscus,dutch,v2_exact,<no_explicit_rule>,abnormality_absent,40,8,40,intacte laterale meniscus.,"existing NEGATION_TERMS, POSTPOSED_NEGATION_TERMS, NORMALITY_TERMS and stored spans"
explicit_normality,Lateral Meniscus,dutch,v3_target,target_local_normality,normal_structure,42,9,41,intacte laterale meniscus.,"existing NEGATION_TERMS, POSTPOSED_NEGATION_TERMS, NORMALITY_TERMS and stored spans"
explicit_normality,Lateral Meniscus,english,v2_collective,both_menisci_negative_only,abnormality_absent,33,13,33,intact menisci.,"existing NEGATION_TERMS, POSTPOSED_NEGATION_TERMS, NORMALITY_TERMS and stored spans"
explicit_normality,Lateral Meniscus,english,v2_collective,both_menisci|both_menisci_negative_only,abnormality_absent,159,8,159,normal medial and lateral menisci.,"existing NEGATION_TERMS, POSTPOSED_NEGATION_TERMS, NORMALITY_TERMS and stored spans"
explicit_normality,Lateral Meniscus,english,v2_exact,<no_explicit_rule>,abnormality_absent,588,49,588,normal lateral meniscus.,"existing NEGATION_TERMS, POSTPOSED_NEGATION_TERMS, NORMALITY_TERMS and stored spans"
explicit_normality,Lateral Meniscus,english,v3_target,target_local_normality,normal_structure,763,64,756,normal lateral meniscus.,"existing NEGATION_TERMS, POSTPOSED_NEGATION_TERMS, NORMALITY_TERMS and stored spans"
explicit_normality,Lateral Meniscus,french,v2_collective,both_menisci_negative_only,abnormality_absent,1,1,1,les menisques sont sans particularite.,"existing NEGATION_TERMS, POSTPOSED_NEGATION_TERMS, NORMALITY_TERMS and stored spans"
explicit_normality,Lateral Meniscus,french,v2_collective,both_menisci|both_menisci_negative_only,abnormality_absent,4,3,4,les menisques interne et externe sont intacts et sans dechirure.,"existing NEGATION_TERMS, POSTPOSED_NEGATION_TERMS, NORMALITY_TERMS and stored spans"
explicit_normality,Lateral Meniscus,french,v2_exact,<no_explicit_rule>,abnormality_absent,30,4,30,menisque lateral : normal.,"existing NEGATION_TERMS, POSTPOSED_NEGATION_TERMS, NORMALITY_TERMS and stored spans"
explicit_normality,Lateral Meniscus,french,v3_target,target_local_normality,normal_structure,32,6,32,menisque lateral : normal.,"existing NEGATION_TERMS, POSTPOSED_NEGATION_TERMS, NORMALITY_TERMS and stored spans"
explicit_normality,Lateral Meniscus,german,v2_collective,both_menisci_negative_only,abnormality_absent,32,26,31,unauffallige darstellung der menisci.,"existing NEGATION_TERMS, POSTPOSED_NEGATION_TERMS, NORMALITY_TERMS and stored spans"
explicit_normality,Lateral Meniscus,german,v2_collective,both_menisci|both_menisci_negative_only,abnormality_absent,11,3,11,menisci intakt.,"existing NEGATION_TERMS, POSTPOSED_NEGATION_TERMS, NORMALITY_TERMS and stored spans"
explicit_normality,Lateral Meniscus,german,v2_exact,<no_explicit_rule>,abnormality_absent,78,19,78,intakter aussenmeniskus.,"existing NEGATION_TERMS, POSTPOSED_NEGATION_TERMS, NORMALITY_TERMS and stored spans"
explicit_normality,Lateral Meniscus,german,v3_target,target_local_normality,normal_structure,81,21,80,intakter aussenmeniskus.,"existing NEGATION_TERMS, POSTPOSED_NEGATION_TERMS, NORMALITY_TERMS and stored spans"
explicit_normality,Lateral Meniscus,greek_script,v2_collective,both_menisci,abnormality_absent,32,23,32,"εντος του φυσιολογικου ελεγχονται οι μηνισκοι, οι πλαγιοι και οι χιαστοι συνδεσμοι.","existing NEGATION_TERMS, POSTPOSED_NEGATION_TERMS, NORMALITY_TERMS and stored spans"
explicit_normality,Lateral Meniscus,greek_script,v2_exact,<no_explicit_rule>,abnormality_absent,29,28,29,"ανωμαλια της παρυφης φυσιολογικος απεικονιζεται ο εξω μηνισκος, οι χιαστοι και οι πλαγιοι συνδεσμοι.","existing NEGATION_TERMS, POSTPOSED_NEGATION_TERMS, NORMALITY_TERMS and stored spans"
explicit_normality,Lateral Meniscus,greek_script,v3_target,target_local_normality,normal_structure,40,38,38,"εξω μηνισκος, χιαστοι και πλαγιοι συνδεσμοι, αρθρικος χονδρος, οστικος μυελος και εκτατικος μηχανισμος απεικονιζονται χωρις παθολογικα ευρηματα.","existing NEGATION_TERMS, POSTPOSED_NEGATION_TERMS, NORMALITY_TERMS and stored spans"
explicit_normality,Lateral Meniscus,latin_other,v2_collective,both_menisci_negative_only,abnormality_absent,5,5,5,"meniscos de morfologia normal con aumento de senal intrasustancia de aspecto degenerativo, sin atributos sugerentes de rotura.","existing NEGATION_TERMS, POSTPOSED_NEGATION_TERMS, NORMALITY_TERMS and stored spans"
explicit_normality,Lateral Meniscus,latin_other,v2_collective,both_menisci|both_menisci_negative_only,abnormality_absent,6,6,6,"no associated osteochondral impaction injury, well preserved posterior cruciate and both collateral ligaments, distal iliotibial band, both menisci, no posterolateral corner injury pattern is appreciated.","existing NEGATION_TERMS, POSTPOSED_NEGATION_TERMS, NORMALITY_TERMS and stored spans"
explicit_normality,Lateral Meniscus,south_slavic,v2_collective,both_menisci,abnormality_absent,1,1,1,primjeren prikaz oba meniska.,"existing NEGATION_TERMS, POSTPOSED_NEGATION_TERMS, NORMALITY_TERMS and stored spans"
explicit_normality,Lateral Meniscus,south_slavic,v2_collective,both_menisci_negative_only,abnormality_absent,3,3,3,"menisci, krizni i kolateralni ligamenti primjerenog prikaza.","existing NEGATION_TERMS, POSTPOSED_NEGATION_TERMS, NORMALITY_TERMS and stored spans"
explicit_normality,Lateral Meniscus,south_slavic,v2_exact,<no_explicit_rule>,abnormality_absent,67,20,67,medijalni i lateralni menisk uredne su morfologije i intenziteta signala.,"existing NEGATION_TERMS, POSTPOSED_NEGATION_TERMS, NORMALITY_TERMS and stored spans"
explicit_normality,Lateral Meniscus,south_slavic,v3_target,target_local_normality,normal_structure,68,21,67,medijalni i lateralni menisk uredne su morfologije i intenziteta signala.,"existing NEGATION_TERMS, POSTPOSED_NEGATION_TERMS, NORMALITY_TERMS and stored spans"
explicit_normality,Lateral Meniscus,spanish,v2_collective,both_menisci,abnormality_absent,1,1,1,"menisco medial y lateral, de morfologia conservada, sin atributos de rotura.","existing NEGATION_TERMS, POSTPOSED_NEGATION_TERMS, NORMALITY_TERMS and stored spans"
explicit_normality,Lateral Meniscus,spanish,v2_collective,both_menisci_negative_only,abnormality_absent,119,28,119,"meniscos impresionan de morfologia y senal conservada, sin criterios de una rotura categorica.","existing NEGATION_TERMS, POSTPOSED_NEGATION_TERMS, NORMALITY_TERMS and stored spans"
explicit_normality,Lateral Meniscus,spanish,v2_collective,both_menisci|both_menisci_negative_only,abnormality_absent,7,5,7,"ambos meniscos muestran morfologia normal, sin signos de roturas.","existing NEGATION_TERMS, POSTPOSED_NEGATION_TERMS, NORMALITY_TERMS and stored spans"
explicit_normality,Lateral Meniscus,spanish,v2_exact,<no_explicit_rule>,abnormality_absent,4,4,4,el menisco lateral es de morfologia y senal conservada.,"existing NEGATION_TERMS, POSTPOSED_NEGATION_TERMS, NORMALITY_TERMS and stored spans"
explicit_normality,Lateral Meniscus,spanish,v3_target,target_local_normality,normal_structure,4,4,4,el menisco lateral es de morfologia y senal conservada.,"existing NEGATION_TERMS, POSTPOSED_NEGATION_TERMS, NORMALITY_TERMS and stored spans"
explicit_normality,Lateral Meniscus,turkish,v2_collective,both_menisci_negative_only,abnormality_absent,2,2,2,medyal ve lateral meniskusler normal.,"existing NEGATION_TERMS, POSTPOSED_NEGATION_TERMS, NORMALITY_TERMS and stored spans"
explicit_normality,Lateral Meniscus,turkish,v2_exact,<no_explicit_rule>,abnormality_absent,282,15,282,medyal ve lateral meniskus normal.,"existing NEGATION_TERMS, POSTPOSED_NEGATION_TERMS, NORMALITY_TERMS and stored spans"
explicit_normality,Lateral Meniscus,turkish,v3_target,target_local_normality,normal_structure,283,16,283,medyal ve lateral meniskus normal.,"existing NEGATION_TERMS, POSTPOSED_NEGATION_TERMS, NORMALITY_TERMS and stored spans"
explicit_normality,Lateral OA,cyrillic_script,v2_exact,<no_explicit_rule>,abnormality_absent,3,3,3,ставният хрущял от латералната страна на ставата е запазен.,"existing NEGATION_TERMS, POSTPOSED_NEGATION_TERMS, NORMALITY_TERMS and stored spans"
explicit_normality,Lateral OA,cyrillic_script,v3_target,compartment_normality,normal_cartilage,3,3,3,ставният хрущял от латералната страна на ставата е запазен.,"existing NEGATION_TERMS, POSTPOSED_NEGATION_TERMS, NORMALITY_TERMS and stored spans"
explicit_normality,Lateral OA,dutch,v3_target,compartment_normality,normal_cartilage,2,1,2,intact voorkomen van het lateraal femorotibiaal kraakbeen.,"existing NEGATION_TERMS, POSTPOSED_NEGATION_TERMS, NORMALITY_TERMS and stored spans"
explicit_normality,Lateral OA,english,v2_exact,<no_explicit_rule>,abnormality_absent,141,29,141,the lateral compartment articular cartilage is preserved.,"existing NEGATION_TERMS, POSTPOSED_NEGATION_TERMS, NORMALITY_TERMS and stored spans"
explicit_normality,Lateral OA,english,v3_target,compartment_normality,normal_cartilage,147,35,147,the lateral compartment articular cartilage is preserved.,"existing NEGATION_TERMS, POSTPOSED_NEGATION_TERMS, NORMALITY_TERMS and stored spans"
explicit_normality,Lateral OA,french,v2_exact,<no_explicit_rule>,abnormality_absent,4,2,4,le cartilage du compartiment externe est sans particularite.,"existing NEGATION_TERMS, POSTPOSED_NEGATION_TERMS, NORMALITY_TERMS and stored spans"
explicit_normality,Lateral OA,french,v3_target,compartment_normality,normal_cartilage,4,2,4,le cartilage du compartiment externe est sans particularite.,"existing NEGATION_TERMS, POSTPOSED_NEGATION_TERMS, NORMALITY_TERMS and stored spans"
explicit_normality,Lateral OA,german,v2_exact,<no_explicit_rule>,abnormality_absent,2,2,2,laterales kompartiment: regelrechtes knochenmarksignal intakter knorpel.,"existing NEGATION_TERMS, POSTPOSED_NEGATION_TERMS, NORMALITY_TERMS and stored spans"
explicit_normality,Lateral OA,german,v3_target,compartment_normality,normal_cartilage,4,4,4,laterales kompartiment: regelrechtes knochenmarksignal intakter knorpel.,"existing NEGATION_TERMS, POSTPOSED_NEGATION_TERMS, NORMALITY_TERMS and stored spans"
explicit_normality,Lateral OA,greek_script,v2_exact,<no_explicit_rule>,abnormality_absent,3,3,3,ο αρθρικος χονδρος σε εσω και εξω διαμερισμα ειναι φυσιολογικος.,"existing NEGATION_TERMS, POSTPOSED_NEGATION_TERMS, NORMALITY_TERMS and stored spans"
explicit_normality,Lateral OA,greek_script,v3_target,compartment_normality,normal_cartilage,3,3,3,ο αρθρικος χονδρος σε εσω και εξω διαμερισμα ειναι φυσιολογικος.,"existing NEGATION_TERMS, POSTPOSED_NEGATION_TERMS, NORMALITY_TERMS and stored spans"
explicit_normality,Lateral OA,latin_other,v2_collective,tibiofemoral_compartments,abnormality_absent,4,4,4,cartilago de compartimentos femorotibiales de grosor normal.,"existing NEGATION_TERMS, POSTPOSED_NEGATION_TERMS, NORMALITY_TERMS and stored spans"
explicit_normality,Lateral OA,south_slavic,v3_target,compartment_normality,normal_cartilage,1,1,1,primjerena je debljina artikulacijske hrskavice kondila femura i platoa tibije medijalnog i lateralnog kompartmenta femorotibijalnog zgloba.,"existing NEGATION_TERMS, POSTPOSED_NEGATION_TERMS, NORMALITY_TERMS and stored spans"
explicit_normality,Lateral OA,spanish,v2_collective,tibiofemoral_compartments,abnormality_absent,161,25,161,cartilago de compartimentos femorotibiales y patelofemoral de grosor y senal normal.,"existing NEGATION_TERMS, POSTPOSED_NEGATION_TERMS, NORMALITY_TERMS and stored spans"
explicit_normality,Lateral OA,spanish,v2_exact,<no_explicit_rule>,abnormality_absent,17,7,17,cartilagos del compartimento femorotibial lateral sin alteraciones significativas.,"existing NEGATION_TERMS, POSTPOSED_NEGATION_TERMS, NORMALITY_TERMS and stored spans"
explicit_normality,Lateral OA,spanish,v3_target,compartment_normality,normal_cartilage,17,7,17,cartilagos del compartimento femorotibial lateral sin alteraciones significativas.,"existing NEGATION_TERMS, POSTPOSED_NEGATION_TERMS, NORMALITY_TERMS and stored spans"
explicit_normality,MCL,cyrillic_script,v2_collective,collateral_ligaments,abnormality_absent,118,19,117,колатерални лигаменти със запазена цялост.,"existing NEGATION_TERMS, POSTPOSED_NEGATION_TERMS, NORMALITY_TERMS and stored spans"
explicit_normality,MCL,dutch,v2_collective,collateral_ligaments,abnormality_absent,54,13,54,kruisbanden en laterale banden intact.,"existing NEGATION_TERMS, POSTPOSED_NEGATION_TERMS, NORMALITY_TERMS and stored spans"
explicit_normality,MCL,dutch,v2_exact,<no_explicit_rule>,abnormality_absent,9,2,9,mcl: intact.,"existing NEGATION_TERMS, POSTPOSED_NEGATION_TERMS, NORMALITY_TERMS and stored spans"
explicit_normality,MCL,dutch,v3_target,target_local_normality,normal_structure,9,2,9,mcl: intact.,"existing NEGATION_TERMS, POSTPOSED_NEGATION_TERMS, NORMALITY_TERMS and stored spans"
explicit_normality,MCL,english,v2_collective,collateral_ligaments,abnormality_absent,164,31,164,> normal appearance of medial and lateral collateral ligaments,"existing NEGATION_TERMS, POSTPOSED_NEGATION_TERMS, NORMALITY_TERMS and stored spans"
explicit_normality,MCL,english,v2_collective,collateral_ligaments|cruciate_and_collateral_ligaments,abnormality_absent,50,16,50,intact cruciate and collateral ligaments.,"existing NEGATION_TERMS, POSTPOSED_NEGATION_TERMS, NORMALITY_TERMS and stored spans"
explicit_normality,MCL,english,v2_exact,<no_explicit_rule>,abnormality_absent,590,71,590,the medial collateral ligament complexes are intact.,"existing NEGATION_TERMS, POSTPOSED_NEGATION_TERMS, NORMALITY_TERMS and stored spans"
explicit_normality,MCL,english,v3_target,target_local_normality,normal_structure,908,92,906,the medial collateral ligament complexes are intact.,"existing NEGATION_TERMS, POSTPOSED_NEGATION_TERMS, NORMALITY_TERMS and stored spans"
explicit_normality,MCL,french,v2_exact,<no_explicit_rule>,abnormality_absent,20,7,20,le ligament collateral interne est normal.,"existing NEGATION_TERMS, POSTPOSED_NEGATION_TERMS, NORMALITY_TERMS and stored spans"
explicit_normality,MCL,french,v3_target,target_local_normality,normal_structure,43,18,43,"autrement le ligament croise anterieur, le ligament croise posterieur, le menisque interne, le menisque externe, le mecanisme des extenseurs, le ligament collateral interne, le semi membraneux, le muscle et tendon du poplite, le biceps femoris distal, le ligament collateral externe et la bandelette ilio tibiale sont sans particularite.","existing NEGATION_TERMS, POSTPOSED_NEGATION_TERMS, NORMALITY_TERMS and stored spans"
explicit_normality,MCL,german,v2_collective,collateral_ligaments,abnormality_absent,61,18,61,laterale kollateralbander intakt.,"existing NEGATION_TERMS, POSTPOSED_NEGATION_TERMS, NORMALITY_TERMS and stored spans"
explicit_normality,MCL,german,v2_exact,<no_explicit_rule>,abnormality_absent,65,15,65,lcl und mcl intakt.,"existing NEGATION_TERMS, POSTPOSED_NEGATION_TERMS, NORMALITY_TERMS and stored spans"
explicit_normality,MCL,german,v3_target,target_local_normality,normal_structure,68,18,67,lcl und mcl intakt.,"existing NEGATION_TERMS, POSTPOSED_NEGATION_TERMS, NORMALITY_TERMS and stored spans"
explicit_normality,MCL,greek_script,v2_collective,collateral_ligaments,abnormality_absent,56,50,54,"φυσιολογικα απεικονιζονται ο οπισθιος χιαστος συνδεσμος, οι πλαγιοι συνδεσμοι και ο εσω μηνισκος.","existing NEGATION_TERMS, POSTPOSED_NEGATION_TERMS, NORMALITY_TERMS and stored spans"
explicit_normality,MCL,greek_script,v2_collective,collateral_ligaments|cruciate_and_collateral_ligaments,abnormality_absent,49,34,49,χιαστοι και πλαγιοι συνδεσμοι απεικονιζονται εντος του φυσιολογικου.,"existing NEGATION_TERMS, POSTPOSED_NEGATION_TERMS, NORMALITY_TERMS and stored spans"
explicit_normality,MCL,greek_script,v2_exact,<no_explicit_rule>,abnormality_absent,1,1,1,"ο εξω μηνισκος, ο οπισθιος χιαστος και εσω πλαγιος συνδεσμος ελεγχονται στα πλαισια του φυσιολογικου.","existing NEGATION_TERMS, POSTPOSED_NEGATION_TERMS, NORMALITY_TERMS and stored spans"
explicit_normality,MCL,greek_script,v3_target,target_local_normality,normal_structure,5,5,3,"αναγνωριζεται μετρια ποσοτητα υγρου ενδαρθρικα. χωρις παθολογικα ευρηματα απο τον ελεγχο των χιαστων και του εσω πλαγιου συνδεσμου, του εσω μηνισκου.","existing NEGATION_TERMS, POSTPOSED_NEGATION_TERMS, NORMALITY_TERMS and stored spans"
explicit_normality,MCL,latin_other,v2_collective,collateral_ligaments,abnormality_absent,4,4,4,"intact pcl, collateral ligaments, popliteus, extensor tendons and the distal iliotibial band.","existing NEGATION_TERMS, POSTPOSED_NEGATION_TERMS, NORMALITY_TERMS and stored spans"
explicit_normality,MCL,latin_other,v2_collective,collateral_ligaments|cruciate_and_collateral_ligaments,abnormality_absent,5,5,5,"intact cruciate and collateral ligaments, popliteus musculotendinous unit, extensor tendons and distal iliotibial band.","existing NEGATION_TERMS, POSTPOSED_NEGATION_TERMS, NORMALITY_TERMS and stored spans"
explicit_normality,MCL,latin_other,v2_collective,cruciate_and_collateral_ligaments,abnormality_absent,2,1,2,ligamentos cruzados y colaterales de grosor y senal normal.,"existing NEGATION_TERMS, POSTPOSED_NEGATION_TERMS, NORMALITY_TERMS and stored spans"
explicit_normality,MCL,latin_other,v2_exact,<no_explicit_rule>,abnormality_absent,3,2,3,"medijalni kolateralni ligament je primjerenih intenziteta signala, odrzanog kontinuiteta.","existing NEGATION_TERMS, POSTPOSED_NEGATION_TERMS, NORMALITY_TERMS and stored spans"
explicit_normality,MCL,latin_other,v3_target,target_local_normality,normal_structure,3,2,3,"medijalni kolateralni ligament je primjerenih intenziteta signala, odrzanog kontinuiteta.","existing NEGATION_TERMS, POSTPOSED_NEGATION_TERMS, NORMALITY_TERMS and stored spans"
explicit_normality,MCL,south_slavic,v2_collective,collateral_ligaments,abnormality_absent,126,69,126,"na seriji mr presjeka desnog koljena nalazi se uredna morfologija i intenziteti signala kolateralnih ligamenata, prednjeg i straznjeg kriznog ligamenta, iliotibijalnog traktusa, patelarne tetive i tetive m.","existing NEGATION_TERMS, POSTPOSED_NEGATION_TERMS, NORMALITY_TERMS and stored spans"
explicit_normality,MCL,south_slavic,v2_exact,<no_explicit_rule>,abnormality_absent,136,36,136,lateralni i medijalni kolateralni ligamenti urednog signala te se prate u kontinuitetu.,"existing NEGATION_TERMS, POSTPOSED_NEGATION_TERMS, NORMALITY_TERMS and stored spans"
explicit_normality,MCL,south_slavic,v3_target,target_local_normality,normal_structure,149,43,149,lateralni i medijalni kolateralni ligamenti urednog signala te se prate u kontinuitetu.,"existing NEGATION_TERMS, POSTPOSED_NEGATION_TERMS, NORMALITY_TERMS and stored spans"
explicit_normality,MCL,spanish,v2_collective,collateral_ligaments,abnormality_absent,36,9,36,lcp y ligamentos colaterales sin alteraciones que consignar.,"existing NEGATION_TERMS, POSTPOSED_NEGATION_TERMS, NORMALITY_TERMS and stored spans"
explicit_normality,MCL,spanish,v2_collective,cruciate_and_collateral_ligaments,abnormality_absent,236,9,236,ligamentos cruzados y colaterales dentro de limites normales.,"existing NEGATION_TERMS, POSTPOSED_NEGATION_TERMS, NORMALITY_TERMS and stored spans"
explicit_normality,MCL,spanish,v2_exact,<no_explicit_rule>,abnormality_absent,1,1,1,lcp y ligamento colateral medial sin alteraciones.,"existing NEGATION_TERMS, POSTPOSED_NEGATION_TERMS, NORMALITY_TERMS and stored spans"
explicit_normality,MCL,spanish,v3_target,target_local_normality,normal_structure,1,1,1,lcp y ligamento colateral medial sin alteraciones.,"existing NEGATION_TERMS, POSTPOSED_NEGATION_TERMS, NORMALITY_TERMS and stored spans"
explicit_normality,MCL,turkish,v2_collective,collateral_ligaments,abnormality_absent,150,19,150,capraz ve yan baglar normal.,"existing NEGATION_TERMS, POSTPOSED_NEGATION_TERMS, NORMALITY_TERMS and stored spans"
explicit_normality,MCL,turkish,v2_exact,<no_explicit_rule>,abnormality_absent,258,25,258,"on capraz bag ve arka capraz bag, lateral ve medial kollateral ligaman normaldir.","existing NEGATION_TERMS, POSTPOSED_NEGATION_TERMS, NORMALITY_TERMS and stored spans"
explicit_normality,MCL,turkish,v3_target,target_local_normality,normal_structure,260,27,260,"on capraz bag ve arka capraz bag, lateral ve medial kollateral ligaman normaldir.","existing NEGATION_TERMS, POSTPOSED_NEGATION_TERMS, NORMALITY_TERMS and stored spans"
explicit_normality,Medial Meniscus,cyrillic_script,v2_collective,both_menisci_negative_only,abnormality_absent,8,3,8,нормално изобразяване на менискусите.,"existing NEGATION_TERMS, POSTPOSED_NEGATION_TERMS, NORMALITY_TERMS and stored spans"
explicit_normality,Medial Meniscus,cyrillic_script,v2_exact,<no_explicit_rule>,abnormality_absent,8,7,8,нормално изобразяване на предния рог на медиалния менискус и на латералния менискус.,"existing NEGATION_TERMS, POSTPOSED_NEGATION_TERMS, NORMALITY_TERMS and stored spans"
explicit_normality,Medial Meniscus,cyrillic_script,v3_target,target_local_normality,normal_structure,8,7,8,нормално изобразяване на предния рог на медиалния менискус и на латералния менискус.,"existing NEGATION_TERMS, POSTPOSED_NEGATION_TERMS, NORMALITY_TERMS and stored spans"
explicit_normality,Medial Meniscus,dutch,v2_collective,both_menisci_negative_only,abnormality_absent,4,3,4,de signaalintensiteiten van de menisci lijken binnen normale grenzen.,"existing NEGATION_TERMS, POSTPOSED_NEGATION_TERMS, NORMALITY_TERMS and stored spans"
explicit_normality,Medial Meniscus,dutch,v2_collective,both_menisci|both_menisci_negative_only,abnormality_absent,35,3,35,normaal voorkomende menisci.,"existing NEGATION_TERMS, POSTPOSED_NEGATION_TERMS, NORMALITY_TERMS and stored spans"
explicit_normality,Medial Meniscus,dutch,v2_exact,<no_explicit_rule>,abnormality_absent,22,3,22,intacte mediale meniscus.,"existing NEGATION_TERMS, POSTPOSED_NEGATION_TERMS, NORMALITY_TERMS and stored spans"
explicit_normality,Medial Meniscus,dutch,v3_target,target_local_normality,normal_structure,22,3,22,intacte mediale meniscus.,"existing NEGATION_TERMS, POSTPOSED_NEGATION_TERMS, NORMALITY_TERMS and stored spans"
explicit_normality,Medial Meniscus,english,v2_collective,both_menisci,abnormality_absent,6,4,6,the medial and lateral meniscus are intact.,"existing NEGATION_TERMS, POSTPOSED_NEGATION_TERMS, NORMALITY_TERMS and stored spans"
explicit_normality,Medial Meniscus,english,v2_collective,both_menisci_negative_only,abnormality_absent,34,14,34,intact menisci.,"existing NEGATION_TERMS, POSTPOSED_NEGATION_TERMS, NORMALITY_TERMS and stored spans"
explicit_normality,Medial Meniscus,english,v2_collective,both_menisci|both_menisci_negative_only,abnormality_absent,164,10,164,normal medial and lateral menisci.,"existing NEGATION_TERMS, POSTPOSED_NEGATION_TERMS, NORMALITY_TERMS and stored spans"
explicit_normality,Medial Meniscus,english,v2_exact,<no_explicit_rule>,abnormality_absent,319,36,319,medial compartment: medial meniscus: normal in morphology and signal.,"existing NEGATION_TERMS, POSTPOSED_NEGATION_TERMS, NORMALITY_TERMS and stored spans"
explicit_normality,Medial Meniscus,english,v3_target,target_local_normality,normal_structure,343,41,334,medial compartment: medial meniscus: normal in morphology and signal.,"existing NEGATION_TERMS, POSTPOSED_NEGATION_TERMS, NORMALITY_TERMS and stored spans"
explicit_normality,Medial Meniscus,french,v2_collective,both_menisci_negative_only,abnormality_absent,1,1,1,les menisques sont sans particularite.,"existing NEGATION_TERMS, POSTPOSED_NEGATION_TERMS, NORMALITY_TERMS and stored spans"
explicit_normality,Medial Meniscus,french,v2_collective,both_menisci|both_menisci_negative_only,abnormality_absent,4,3,4,les menisques interne et externe sont intacts et sans dechirure.,"existing NEGATION_TERMS, POSTPOSED_NEGATION_TERMS, NORMALITY_TERMS and stored spans"
explicit_normality,Medial Meniscus,french,v2_exact,<no_explicit_rule>,abnormality_absent,10,1,10,menisque medial : normal.,"existing NEGATION_TERMS, POSTPOSED_NEGATION_TERMS, NORMALITY_TERMS and stored spans"
explicit_normality,Medial Meniscus,french,v3_target,target_local_normality,normal_structure,10,1,10,menisque medial : normal.,"existing NEGATION_TERMS, POSTPOSED_NEGATION_TERMS, NORMALITY_TERMS and stored spans"
explicit_normality,Medial Meniscus,german,v2_collective,both_menisci_negative_only,abnormality_absent,31,25,31,unauffallige darstellung der menisci.,"existing NEGATION_TERMS, POSTPOSED_NEGATION_TERMS, NORMALITY_TERMS and stored spans"
explicit_normality,Medial Meniscus,german,v2_collective,both_menisci|both_menisci_negative_only,abnormality_absent,11,3,11,menisci intakt.,"existing NEGATION_TERMS, POSTPOSED_NEGATION_TERMS, NORMALITY_TERMS and stored spans"
explicit_normality,Medial Meniscus,german,v2_exact,<no_explicit_rule>,abnormality_absent,37,8,37,intakter innenmeniskus.,"existing NEGATION_TERMS, POSTPOSED_NEGATION_TERMS, NORMALITY_TERMS and stored spans"
explicit_normality,Medial Meniscus,german,v3_target,target_local_normality,normal_structure,41,11,41,intakter innenmeniskus.,"existing NEGATION_TERMS, POSTPOSED_NEGATION_TERMS, NORMALITY_TERMS and stored spans"
explicit_normality,Medial Meniscus,greek_script,v2_collective,both_menisci,abnormality_absent,32,23,32,"εντος του φυσιολογικου ελεγχονται οι μηνισκοι, οι πλαγιοι και οι χιαστοι συνδεσμοι.","existing NEGATION_TERMS, POSTPOSED_NEGATION_TERMS, NORMALITY_TERMS and stored spans"
explicit_normality,Medial Meniscus,greek_script,v2_exact,<no_explicit_rule>,abnormality_absent,10,10,10,"φυσιολογικοι ελεγχονται οι χιαστοι και πλαγιοι συνδεσμοι, ο εσω μηνισκος, ο οστικος μυελος και ο αρθρικος χονδρος.","existing NEGATION_TERMS, POSTPOSED_NEGATION_TERMS, NORMALITY_TERMS and stored spans"
explicit_normality,Medial Meniscus,greek_script,v3_target,target_local_normality,normal_structure,23,23,18,"φυσιολογικα απεικονιζονται ο οπισθιος χιαστος συνδεσμος, οι πλαγιοι συνδεσμοι και ο εσω μηνισκος.","existing NEGATION_TERMS, POSTPOSED_NEGATION_TERMS, NORMALITY_TERMS and stored spans"
explicit_normality,Medial Meniscus,latin_other,v2_collective,both_menisci_negative_only,abnormality_absent,5,5,5,"meniscos de morfologia normal con aumento de senal intrasustancia de aspecto degenerativo, sin atributos sugerentes de rotura.","existing NEGATION_TERMS, POSTPOSED_NEGATION_TERMS, NORMALITY_TERMS and stored spans"
explicit_normality,Medial Meniscus,latin_other,v2_collective,both_menisci|both_menisci_negative_only,abnormality_absent,6,6,6,"no associated osteochondral impaction injury, well preserved posterior cruciate and both collateral ligaments, distal iliotibial band, both menisci, no posterolateral corner injury pattern is appreciated.","existing NEGATION_TERMS, POSTPOSED_NEGATION_TERMS, NORMALITY_TERMS and stored spans"
explicit_normality,Medial Meniscus,south_slavic,v2_collective,both_menisci,abnormality_absent,1,1,1,primjeren prikaz oba meniska.,"existing NEGATION_TERMS, POSTPOSED_NEGATION_TERMS, NORMALITY_TERMS and stored spans"
explicit_normality,Medial Meniscus,south_slavic,v2_collective,both_menisci_negative_only,abnormality_absent,3,3,3,"menisci, krizni i kolateralni ligamenti primjerenog prikaza.","existing NEGATION_TERMS, POSTPOSED_NEGATION_TERMS, NORMALITY_TERMS and stored spans"
explicit_normality,Medial Meniscus,south_slavic,v2_exact,<no_explicit_rule>,abnormality_absent,8,6,8,uredna je morfologija i intenziteti signala medijalnog meniska.,"existing NEGATION_TERMS, POSTPOSED_NEGATION_TERMS, NORMALITY_TERMS and stored spans"
explicit_normality,Medial Meniscus,south_slavic,v3_target,target_local_normality,normal_structure,8,6,8,uredna je morfologija i intenziteti signala medijalnog meniska.,"existing NEGATION_TERMS, POSTPOSED_NEGATION_TERMS, NORMALITY_TERMS and stored spans"
explicit_normality,Medial Meniscus,spanish,v2_collective,both_menisci_negative_only,abnormality_absent,118,27,118,"meniscos impresionan de morfologia y senal conservada, sin criterios de una rotura categorica.","existing NEGATION_TERMS, POSTPOSED_NEGATION_TERMS, NORMALITY_TERMS and stored spans"
explicit_normality,Medial Meniscus,spanish,v2_collective,both_menisci|both_menisci_negative_only,abnormality_absent,7,5,7,"ambos meniscos muestran morfologia normal, sin signos de roturas.","existing NEGATION_TERMS, POSTPOSED_NEGATION_TERMS, NORMALITY_TERMS and stored spans"
explicit_normality,Medial Meniscus,spanish,v2_exact,<no_explicit_rule>,abnormality_absent,2,2,2,"menisco medial de morfologia normal, con discreto edema de la union meniscocapsular, inespecifico.","existing NEGATION_TERMS, POSTPOSED_NEGATION_TERMS, NORMALITY_TERMS and stored spans"
explicit_normality,Medial Meniscus,spanish,v3_target,target_local_normality,normal_structure,3,3,3,"menisco medial de morfologia normal, con discreto edema de la union meniscocapsular, inespecifico.","existing NEGATION_TERMS, POSTPOSED_NEGATION_TERMS, NORMALITY_TERMS and stored spans"
explicit_normality,Medial Meniscus,turkish,v2_collective,both_menisci,abnormality_absent,59,2,59,medyal ve lateral meniskus normal.,"existing NEGATION_TERMS, POSTPOSED_NEGATION_TERMS, NORMALITY_TERMS and stored spans"
explicit_normality,Medial Meniscus,turkish,v2_collective,both_menisci_negative_only,abnormality_absent,2,2,2,medyal ve lateral meniskusler normal.,"existing NEGATION_TERMS, POSTPOSED_NEGATION_TERMS, NORMALITY_TERMS and stored spans"
explicit_normality,Medial Meniscus,turkish,v2_exact,<no_explicit_rule>,abnormality_absent,51,9,51,bulgular: lateral meniskus ve medial meniskus normaldir.,"existing NEGATION_TERMS, POSTPOSED_NEGATION_TERMS, NORMALITY_TERMS and stored spans"
explicit_normality,Medial Meniscus,turkish,v3_target,target_local_normality,normal_structure,51,9,51,bulgular: lateral meniskus ve medial meniskus normaldir.,"existing NEGATION_TERMS, POSTPOSED_NEGATION_TERMS, NORMALITY_TERMS and stored spans"
explicit_normality,Medial OA,cyrillic_script,v2_exact,<no_explicit_rule>,abnormality_absent,1,1,1,ставният хрущял на тибията и фемура е лекостепенно изтънен от медиалната страна на ставата и със запазена конгруентност.,"existing NEGATION_TERMS, POSTPOSED_NEGATION_TERMS, NORMALITY_TERMS and stored spans"
explicit_normality,Medial OA,cyrillic_script,v3_target,compartment_normality,normal_cartilage,1,1,1,ставният хрущял на тибията и фемура е лекостепенно изтънен от медиалната страна на ставата и със запазена конгруентност.,"existing NEGATION_TERMS, POSTPOSED_NEGATION_TERMS, NORMALITY_TERMS and stored spans"
explicit_normality,Medial OA,dutch,v3_target,compartment_normality,normal_cartilage,3,2,3,intact voorkomen van het mediaal femorotibiaal kraakbeen.,"existing NEGATION_TERMS, POSTPOSED_NEGATION_TERMS, NORMALITY_TERMS and stored spans"
explicit_normality,Medial OA,english,v2_collective,tibiofemoral_compartments,abnormality_absent,3,3,3,the medial and lateral tibiofemoral articular cartilage is preserved.,"existing NEGATION_TERMS, POSTPOSED_NEGATION_TERMS, NORMALITY_TERMS and stored spans"
explicit_normality,Medial OA,english,v2_exact,<no_explicit_rule>,abnormality_absent,71,15,71,the medial tibiofemoral cartilage is grossly preserved.,"existing NEGATION_TERMS, POSTPOSED_NEGATION_TERMS, NORMALITY_TERMS and stored spans"
explicit_normality,Medial OA,english,v3_target,compartment_normality,normal_cartilage,96,26,96,preserved medial and lateral femorotibial articular cartilage.,"existing NEGATION_TERMS, POSTPOSED_NEGATION_TERMS, NORMALITY_TERMS and stored spans"
explicit_normality,Medial OA,french,v2_exact,<no_explicit_rule>,abnormality_absent,3,3,3,le cartilage du compartiment interne et externe est sans particularite.,"existing NEGATION_TERMS, POSTPOSED_NEGATION_TERMS, NORMALITY_TERMS and stored spans"
explicit_normality,Medial OA,french,v3_target,compartment_normality,normal_cartilage,3,3,3,le cartilage du compartiment interne et externe est sans particularite.,"existing NEGATION_TERMS, POSTPOSED_NEGATION_TERMS, NORMALITY_TERMS and stored spans"
explicit_normality,Medial OA,german,v2_exact,<no_explicit_rule>,abnormality_absent,2,2,2,mediales kompartiment: intakter knorpel.,"existing NEGATION_TERMS, POSTPOSED_NEGATION_TERMS, NORMALITY_TERMS and stored spans"
explicit_normality,Medial OA,german,v3_target,compartment_normality,normal_cartilage,3,3,3,mediales kompartiment: geringe irregularitaten der knorpeloberflache an der medialen femurcondyle mit geringem flauem angrenzenden knochenodem und intakter grenzlamelle (serie 4 image 19 + 20) (outerbridge grad 2).,"existing NEGATION_TERMS, POSTPOSED_NEGATION_TERMS, NORMALITY_TERMS and stored spans"
explicit_normality,Medial OA,greek_script,v2_collective,tibiofemoral_compartments,abnormality_absent,3,3,3,ο αρθρικος χονδρος σε εσω και εξω διαμερισμα ειναι φυσιολογικος.,"existing NEGATION_TERMS, POSTPOSED_NEGATION_TERMS, NORMALITY_TERMS and stored spans"
explicit_normality,Medial OA,greek_script,v3_target,compartment_normality,normal_cartilage,3,3,3,ο αρθρικος χονδρος σε εσω και εξω διαμερισμα ειναι φυσιολογικος.,"existing NEGATION_TERMS, POSTPOSED_NEGATION_TERMS, NORMALITY_TERMS and stored spans"
explicit_normality,Medial OA,latin_other,v2_collective,tibiofemoral_compartments,abnormality_absent,4,4,4,cartilago de compartimentos femorotibiales de grosor normal.,"existing NEGATION_TERMS, POSTPOSED_NEGATION_TERMS, NORMALITY_TERMS and stored spans"
explicit_normality,Medial OA,south_slavic,v3_target,compartment_normality,normal_cartilage,1,1,1,primjerena je debljina artikulacijske hrskavice kondila femura i platoa tibije medijalnog i lateralnog kompartmenta femorotibijalnog zgloba.,"existing NEGATION_TERMS, POSTPOSED_NEGATION_TERMS, NORMALITY_TERMS and stored spans"
explicit_normality,Medial OA,spanish,v2_collective,tibiofemoral_compartments,abnormality_absent,160,24,160,cartilago de compartimentos femorotibiales y patelofemoral de grosor y senal normal.,"existing NEGATION_TERMS, POSTPOSED_NEGATION_TERMS, NORMALITY_TERMS and stored spans"
explicit_normality,Medial OA,spanish,v2_exact,<no_explicit_rule>,abnormality_absent,8,3,8,el resto de los cartilagos del compartimento femorotibial medial sin alteraciones.,"existing NEGATION_TERMS, POSTPOSED_NEGATION_TERMS, NORMALITY_TERMS and stored spans"
explicit_normality,Medial OA,spanish,v3_target,compartment_normality,normal_cartilage,8,3,8,el resto de los cartilagos del compartimento femorotibial medial sin alteraciones.,"existing NEGATION_TERMS, POSTPOSED_NEGATION_TERMS, NORMALITY_TERMS and stored spans"
explicit_normality,PF OA,cyrillic_script,v3_target,compartment_normality,normal_cartilage,50,26,49,"патела, хрущял на пателата, ретинакулуми без особености.","existing NEGATION_TERMS, POSTPOSED_NEGATION_TERMS, NORMALITY_TERMS and stored spans"
explicit_normality,PF OA,dutch,v2_exact,<no_explicit_rule>,abnormality_absent,1,1,1,bevindingen: anterieure strek apparaat: intact retropatellair en trochleair kraakbeen.,"existing NEGATION_TERMS, POSTPOSED_NEGATION_TERMS, NORMALITY_TERMS and stored spans"
explicit_normality,PF OA,dutch,v3_target,compartment_normality,normal_cartilage,4,4,4,normaal voorkomen femoropatellair kraakbeen.,"existing NEGATION_TERMS, POSTPOSED_NEGATION_TERMS, NORMALITY_TERMS and stored spans"
explicit_normality,PF OA,english,v2_exact,<no_explicit_rule>,abnormality_absent,233,31,233,preserved patellofemoral articular cartilage.,"existing NEGATION_TERMS, POSTPOSED_NEGATION_TERMS, NORMALITY_TERMS and stored spans"
explicit_normality,PF OA,english,v3_target,compartment_normality,normal_cartilage,286,52,282,normal trochlear articular cartilage.,"existing NEGATION_TERMS, POSTPOSED_NEGATION_TERMS, NORMALITY_TERMS and stored spans"
explicit_normality,PF OA,french,v3_target,compartment_normality,normal_cartilage,1,1,1,les surfaces cartilagineuses tibio femorale et patellofemorale sont relativement preservees sans atteinte transfixiante ou changements sous chondraux reactionnels associes.,"existing NEGATION_TERMS, POSTPOSED_NEGATION_TERMS, NORMALITY_TERMS and stored spans"
explicit_normality,PF OA,german,v2_exact,<no_explicit_rule>,abnormality_absent,32,24,32,unauffalliger knorpelbelag femoropatellar und femorotibial ohne nachweis einer kontralateralen lasion.,"existing NEGATION_TERMS, POSTPOSED_NEGATION_TERMS, NORMALITY_TERMS and stored spans"
explicit_normality,PF OA,german,v3_target,compartment_normality,normal_cartilage,37,28,35,unauffalliger knorpelbelag femoropatellar und femorotibial ohne nachweis einer kontralateralen lasion.,"existing NEGATION_TERMS, POSTPOSED_NEGATION_TERMS, NORMALITY_TERMS and stored spans"
explicit_normality,PF OA,greek_script,v2_collective,tibiofemoral_compartments,abnormality_absent,2,2,2,ο αρθρικος χονδρος σε εσω και εξω διαμερισμα ειναι φυσιολογικος.,"existing NEGATION_TERMS, POSTPOSED_NEGATION_TERMS, NORMALITY_TERMS and stored spans"
explicit_normality,PF OA,greek_script,v2_exact,<no_explicit_rule>,abnormality_absent,1,1,1,ο αρθρικος χονδρος της επιγονατιδας ειναι φυσιολογικος.,"existing NEGATION_TERMS, POSTPOSED_NEGATION_TERMS, NORMALITY_TERMS and stored spans"
explicit_normality,PF OA,greek_script,v3_target,compartment_normality,normal_cartilage,2,2,2,ο αρθρικος χονδρος της επιγονατιδας ειναι φυσιολογικος.,"existing NEGATION_TERMS, POSTPOSED_NEGATION_TERMS, NORMALITY_TERMS and stored spans"
explicit_normality,PF OA,latin_other,v2_exact,<no_explicit_rule>,abnormality_absent,2,2,2,cartilago de compartimentos femorotibiales y femoropatelar de grosor y senal normal.,"existing NEGATION_TERMS, POSTPOSED_NEGATION_TERMS, NORMALITY_TERMS and stored spans"
explicit_normality,PF OA,latin_other,v3_target,compartment_normality,normal_cartilage,2,2,2,cartilago de compartimentos femorotibiales y femoropatelar de grosor y senal normal.,"existing NEGATION_TERMS, POSTPOSED_NEGATION_TERMS, NORMALITY_TERMS and stored spans"
explicit_normality,PF OA,south_slavic,v3_target,compartment_normality,normal_cartilage,10,10,10,primjeren prikaz hrskavice patele.,"existing NEGATION_TERMS, POSTPOSED_NEGATION_TERMS, NORMALITY_TERMS and stored spans"
explicit_normality,PF OA,spanish,v2_collective,tibiofemoral_compartments,abnormality_absent,101,16,101,cartilagos de los compartimentos femorotibiales sin alteraciones.,"existing NEGATION_TERMS, POSTPOSED_NEGATION_TERMS, NORMALITY_TERMS and stored spans"
explicit_normality,PF OA,spanish,v2_exact,<no_explicit_rule>,abnormality_absent,76,22,76,cartilago de compartimentos femorotibiales y patelofemoral de grosor y senal normal.,"existing NEGATION_TERMS, POSTPOSED_NEGATION_TERMS, NORMALITY_TERMS and stored spans"
explicit_normality,PF OA,spanish,v3_target,compartment_normality,normal_cartilage,111,25,111,cartilago de compartimentos femorotibiales y patelofemoral de grosor y senal normal.,"existing NEGATION_TERMS, POSTPOSED_NEGATION_TERMS, NORMALITY_TERMS and stored spans"
explicit_normality,PF OA,turkish,v2_exact,<no_explicit_rule>,abnormality_absent,2,2,2,eklem kikirdaklari ve kemikler patellofemoral eklem dejenrasyonu ile uyumlu fokal kikirdak kayiplari disinda normal.,"existing NEGATION_TERMS, POSTPOSED_NEGATION_TERMS, NORMALITY_TERMS and stored spans"
explicit_normality,PF OA,turkish,v3_target,compartment_normality,normal_cartilage,6,6,6,eklem kikirdaklari ve kemikler patellofemoral eklem dejenrasyonu ile uyumlu fokal kikirdak kayiplari disinda normal.,"existing NEGATION_TERMS, POSTPOSED_NEGATION_TERMS, NORMALITY_TERMS and stored spans"
negative_status_without_reconstructed_marker,Lateral Meniscus,english,v3_target,target_local_normality,normal_structure,1,1,1,preservation of lateral meniscus.,"existing NEGATION_TERMS, POSTPOSED_NEGATION_TERMS, NORMALITY_TERMS and stored spans"
negative_status_without_reconstructed_marker,MCL,english,v3_target,target_local_normality,normal_structure,1,1,1,> preservation of mcl and lcl,"existing NEGATION_TERMS, POSTPOSED_NEGATION_TERMS, NORMALITY_TERMS and stored spans"
negative_status_without_reconstructed_marker,Medial OA,english,v3_target,compartment_normality,normal_cartilage,1,1,1,"in the medial compartment, preservation of articular cartilage at medial femoral condyle and tibial plateau.","existing NEGATION_TERMS, POSTPOSED_NEGATION_TERMS, NORMALITY_TERMS and stored spans"
other_implemented_negation,ACL,german,v2_collective,cruciate_ligaments,abnormality_absent,1,1,1,kreuzbander jeweils durchgehend abgrenzbar ohne hinweis auf eine ruptur.,"existing NEGATION_TERMS, POSTPOSED_NEGATION_TERMS, NORMALITY_TERMS and stored spans"
other_implemented_negation,ACL,greek_script,v2_collective,cruciate_and_collateral_ligaments,abnormality_absent,6,5,6,ευρηματα απο τον ελεγχο των χιαστων και πλαγιων συνδεσμων δεν παρατηρουνται αξιολογα ευρηματα.,"existing NEGATION_TERMS, POSTPOSED_NEGATION_TERMS, NORMALITY_TERMS and stored spans"
other_implemented_negation,ACL,greek_script,v2_collective,cruciate_and_collateral_ligaments|cruciate_ligaments,abnormality_absent,1,1,1,οι χιαστοι και πλαγιοι συνδεσμοι δεν παρουσιαζουν παθολογικα ευρηματα.,"existing NEGATION_TERMS, POSTPOSED_NEGATION_TERMS, NORMALITY_TERMS and stored spans"
other_implemented_negation,ACL,greek_script,v2_exact,<no_explicit_rule>,abnormality_absent,2,2,2,χωρις παθολογια απο την απεικονιση του εσω μηνισκου και οπισθιου προσθιου χιαστου συνδεσμου.,"existing NEGATION_TERMS, POSTPOSED_NEGATION_TERMS, NORMALITY_TERMS and stored spans"
other_implemented_negation,ACL,latin_other,v2_exact,<no_explicit_rule>,abnormality_absent,1,1,1,"chronic absence of the anterior cruciate ligament is noted, in conjunction with anterior tibial translation.","existing NEGATION_TERMS, POSTPOSED_NEGATION_TERMS, NORMALITY_TERMS and stored spans"
other_implemented_negation,ACL,spanish,v2_collective,cruciate_and_collateral_ligaments|cruciate_ligaments,abnormality_absent,2,2,2,ligamentos cruzados y colaterales sin lesiones significativas.,"existing NEGATION_TERMS, POSTPOSED_NEGATION_TERMS, NORMALITY_TERMS and stored spans"
other_implemented_negation,Baker's,english,v2_exact,<no_explicit_rule>,abnormality_absent,322,31,314,no baker's cyst.,"existing NEGATION_TERMS, POSTPOSED_NEGATION_TERMS, NORMALITY_TERMS and stored spans"
other_implemented_negation,Baker's,french,v2_exact,<no_explicit_rule>,abnormality_absent,55,27,46,kyste de baker : aucun.,"existing NEGATION_TERMS, POSTPOSED_NEGATION_TERMS, NORMALITY_TERMS and stored spans"
other_implemented_negation,Baker's,german,v2_exact,<no_explicit_rule>,abnormality_absent,3,3,3,keine grossere baker zyste.,"existing NEGATION_TERMS, POSTPOSED_NEGATION_TERMS, NORMALITY_TERMS and stored spans"
other_implemented_negation,Baker's,latin_other,v2_exact,<no_explicit_rule>,abnormality_absent,8,6,8,no hay quiste popliteo.,"existing NEGATION_TERMS, POSTPOSED_NEGATION_TERMS, NORMALITY_TERMS and stored spans"
other_implemented_negation,Baker's,south_slavic,v2_exact,<no_explicit_rule>,abnormality_absent,146,15,146,bez znakova poplitealne ciste.,"existing NEGATION_TERMS, POSTPOSED_NEGATION_TERMS, NORMALITY_TERMS and stored spans"
other_implemented_negation,Baker's,spanish,v2_exact,<no_explicit_rule>,abnormality_absent,258,27,251,no hay evidente derrame articular ni quistes popliteos.,"existing NEGATION_TERMS, POSTPOSED_NEGATION_TERMS, NORMALITY_TERMS and stored spans"
other_implemented_negation,Contusion,english,v2_exact,<no_explicit_rule>,abnormality_absent,401,11,401,there is no fracture or bone contusion.,"existing NEGATION_TERMS, POSTPOSED_NEGATION_TERMS, NORMALITY_TERMS and stored spans"
other_implemented_negation,Contusion,french,v2_exact,<no_explicit_rule>,abnormality_absent,1,1,1,il n’y a pas de contusion osseuse d’œdeme de la moelle osseuse ou de fracture.,"existing NEGATION_TERMS, POSTPOSED_NEGATION_TERMS, NORMALITY_TERMS and stored spans"
other_implemented_negation,Contusion,german,v2_exact,<no_explicit_rule>,abnormality_absent,31,14,31,kein knochenmarksodem oder bone bruise.,"existing NEGATION_TERMS, POSTPOSED_NEGATION_TERMS, NORMALITY_TERMS and stored spans"
other_implemented_negation,Effusion,cyrillic_script,v2_exact,<no_explicit_rule>,abnormality_absent,76,9,75,няма данни за ставен излив.,"existing NEGATION_TERMS, POSTPOSED_NEGATION_TERMS, NORMALITY_TERMS and stored spans"
other_implemented_negation,Effusion,dutch,v2_exact,<no_explicit_rule>,abnormality_absent,21,8,20,[date]: mr knie rechts 15ch aa: klinische inlichtingen: zie gescande aanvraag diagnostische vraagstelling: zie gescande aanvraag bevindingen: geen hydrops.,"existing NEGATION_TERMS, POSTPOSED_NEGATION_TERMS, NORMALITY_TERMS and stored spans"
other_implemented_negation,Effusion,english,v2_exact,<no_explicit_rule>,abnormality_absent,378,50,378,no knee effusion is present.,"existing NEGATION_TERMS, POSTPOSED_NEGATION_TERMS, NORMALITY_TERMS and stored spans"
other_implemented_negation,Effusion,german,v2_exact,<no_explicit_rule>,abnormality_absent,44,18,44,kein relevanter gelenkerguss.,"existing NEGATION_TERMS, POSTPOSED_NEGATION_TERMS, NORMALITY_TERMS and stored spans"
other_implemented_negation,Effusion,greek_script,v2_exact,<no_explicit_rule>,abnormality_absent,26,8,26,ευρηματα χωρις ενδαρθρικη συλλογη υγρου.,"existing NEGATION_TERMS, POSTPOSED_NEGATION_TERMS, NORMALITY_TERMS and stored spans"
other_implemented_negation,Effusion,latin_other,v2_exact,<no_explicit_rule>,abnormality_absent,1,1,1,no residual joint effusion or marrow contusions are demonstrated.,"existing NEGATION_TERMS, POSTPOSED_NEGATION_TERMS, NORMALITY_TERMS and stored spans"
other_implemented_negation,Effusion,south_slavic,v2_exact,<no_explicit_rule>,abnormality_absent,87,30,86,ne nalazi se izljeva u koljenu.,"existing NEGATION_TERMS, POSTPOSED_NEGATION_TERMS, NORMALITY_TERMS and stored spans"
other_implemented_negation,Effusion,spanish,v2_exact,<no_explicit_rule>,abnormality_absent,171,25,171,no hay evidente derrame articular ni quistes popliteos.,"existing NEGATION_TERMS, POSTPOSED_NEGATION_TERMS, NORMALITY_TERMS and stored spans"
other_implemented_negation,Effusion,turkish,v2_exact,<no_explicit_rule>,abnormality_absent,128,1,128,eklemde sivi artisi saptanmamistir.,"existing NEGATION_TERMS, POSTPOSED_NEGATION_TERMS, NORMALITY_TERMS and stored spans"
other_implemented_negation,Fracture,cyrillic_script,v2_exact,<no_explicit_rule>,abnormality_absent,6,4,6,"мр данни за контузионен костномозъчен едем в пателата, без данни за фрактура.","existing NEGATION_TERMS, POSTPOSED_NEGATION_TERMS, NORMALITY_TERMS and stored spans"
other_implemented_negation,Fracture,dutch,v2_exact,<no_explicit_rule>,abnormality_absent,9,9,8,"kleine niet verplaatste fractuur posterieur op het laterale tibiaplateau, met gestegen t2 signaal, en kleine t1 hypo intense lineaire inliggende elementen.","existing NEGATION_TERMS, POSTPOSED_NEGATION_TERMS, NORMALITY_TERMS and stored spans"
other_implemented_negation,Fracture,english,v2_exact,<no_explicit_rule>,abnormality_absent,454,32,454,there is no fracture or bone contusion.,"existing NEGATION_TERMS, POSTPOSED_NEGATION_TERMS, NORMALITY_TERMS and stored spans"
other_implemented_negation,Fracture,french,v2_exact,<no_explicit_rule>,abnormality_absent,4,4,4,il n'y a pas de fracture.,"existing NEGATION_TERMS, POSTPOSED_NEGATION_TERMS, NORMALITY_TERMS and stored spans"
other_implemented_negation,Fracture,german,v2_exact,<no_explicit_rule>,abnormality_absent,38,10,38,keine frische fraktur.,"existing NEGATION_TERMS, POSTPOSED_NEGATION_TERMS, NORMALITY_TERMS and stored spans"
other_implemented_negation,Fracture,greek_script,v2_exact,<no_explicit_rule>,abnormality_absent,2,2,2,"παρατηρειται περιοχη οστικου οιδηματος στο κατω πολο της επιγονατιδας, που σε συνδυασμο με το αναφερομενο ιστορικο κακωσης αποδιδεται σε οστικο μωλωπα (bone bruise) χωρις αναδειξη καταγματος.","existing NEGATION_TERMS, POSTPOSED_NEGATION_TERMS, NORMALITY_TERMS and stored spans"
other_implemented_negation,Fracture,latin_other,v2_exact,<no_explicit_rule>,abnormality_absent,3,1,3,no fracture or marrow infiltration.,"existing NEGATION_TERMS, POSTPOSED_NEGATION_TERMS, NORMALITY_TERMS and stored spans"
other_implemented_negation,Fracture,south_slavic,v2_exact,<no_explicit_rule>,abnormality_absent,2,2,2,"kostani edem femura i straznjeg dijela tibije po tipu pivot shift kontuzije, bez znakova frakture.","existing NEGATION_TERMS, POSTPOSED_NEGATION_TERMS, NORMALITY_TERMS and stored spans"
other_implemented_negation,Fracture,spanish,v2_exact,<no_explicit_rule>,abnormality_absent,4,4,4,edema oseo periferico del platillo tibial medial sin fracturas categoricas.,"existing NEGATION_TERMS, POSTPOSED_NEGATION_TERMS, NORMALITY_TERMS and stored spans"
other_implemented_negation,Lateral Meniscus,cyrillic_script,v2_collective,both_menisci_negative_only,abnormality_absent,1,1,1,няма видимо скъсване на менискусите.,"existing NEGATION_TERMS, POSTPOSED_NEGATION_TERMS, NORMALITY_TERMS and stored spans"
other_implemented_negation,Lateral Meniscus,dutch,v2_exact,<no_explicit_rule>,abnormality_absent,1,1,1,"incomplete disco ide meniscus, laterale meniscus, niet verwikkeld.","existing NEGATION_TERMS, POSTPOSED_NEGATION_TERMS, NORMALITY_TERMS and stored spans"
other_implemented_negation,Lateral Meniscus,english,v2_collective,both_menisci_negative_only,abnormality_absent,19,3,19,no internal derangement of the knee ligaments or menisci is identified.,"existing NEGATION_TERMS, POSTPOSED_NEGATION_TERMS, NORMALITY_TERMS and stored spans"
other_implemented_negation,Lateral Meniscus,english,v2_exact,<no_explicit_rule>,abnormality_absent,5,2,5,lateral meniscus: no discoid meniscus.,"existing NEGATION_TERMS, POSTPOSED_NEGATION_TERMS, NORMALITY_TERMS and stored spans"
other_implemented_negation,Lateral Meniscus,german,v2_collective,both_menisci_negative_only,abnormality_absent,4,4,4,"menisci: diffuse signalanhebung des innenmeniskus hinterhornes ohne rissbildung, in erster linie mukoide degeneration.","existing NEGATION_TERMS, POSTPOSED_NEGATION_TERMS, NORMALITY_TERMS and stored spans"
other_implemented_negation,Lateral Meniscus,german,v2_exact,<no_explicit_rule>,abnormality_absent,7,5,7,kein anhalt fur eine rissbildung des aussenmeniskus.,"existing NEGATION_TERMS, POSTPOSED_NEGATION_TERMS, NORMALITY_TERMS and stored spans"
other_implemented_negation,Lateral Meniscus,greek_script,v2_collective,both_menisci,abnormality_absent,1,1,1,οι μηνισκοι δεν παρουσιαζουν παθολογικα ευρηματα.,"existing NEGATION_TERMS, POSTPOSED_NEGATION_TERMS, NORMALITY_TERMS and stored spans"
other_implemented_negation,Lateral Meniscus,greek_script,v2_exact,<no_explicit_rule>,abnormality_absent,2,2,2,χωρις παθολογια απο την απεικονιση του προσθιου και οπισθιου χιαστου συνδεσμου καθως και του εξω μηνισκου και των πλαγιων συνδεσμων.,"existing NEGATION_TERMS, POSTPOSED_NEGATION_TERMS, NORMALITY_TERMS and stored spans"
other_implemented_negation,Lateral Meniscus,south_slavic,v2_collective,both_menisci,abnormality_absent,4,3,4,oba meniska su bez znakova degeneracije ili rupture.,"existing NEGATION_TERMS, POSTPOSED_NEGATION_TERMS, NORMALITY_TERMS and stored spans"
other_implemented_negation,Lateral Meniscus,south_slavic,v2_collective,both_menisci_negative_only,abnormality_absent,6,5,6,menisci bez znakova rupture.,"existing NEGATION_TERMS, POSTPOSED_NEGATION_TERMS, NORMALITY_TERMS and stored spans"
other_implemented_negation,Lateral Meniscus,spanish,v2_collective,both_menisci|both_menisci_negative_only,abnormality_absent,1,1,1,"aumento de senal central del cuerno posterior de ambos meniscos que no impresiona contactar con la superficie articular, sin caracteres propios de rotura.","existing NEGATION_TERMS, POSTPOSED_NEGATION_TERMS, NORMALITY_TERMS and stored spans"
other_implemented_negation,Lateral OA,english,v2_exact,<no_explicit_rule>,abnormality_absent,286,11,286,"the lateral compartment, the meniscus is not torn and there is no focal chondrosis or chondral injury.","existing NEGATION_TERMS, POSTPOSED_NEGATION_TERMS, NORMALITY_TERMS and stored spans"
other_implemented_negation,Lateral OA,german,v2_exact,<no_explicit_rule>,abnormality_absent,9,8,9,keine wesentliche chondropathie femoro tibial im medialen und lateralen kompartiment oder retropatellar.,"existing NEGATION_TERMS, POSTPOSED_NEGATION_TERMS, NORMALITY_TERMS and stored spans"
other_implemented_negation,Lateral OA,greek_script,v2_exact,<no_explicit_rule>,abnormality_absent,8,8,8,"εξω μηνισκος, χιαστοι και πλαγιοι συνδεσμοι καθως και αρθρικος χονδρος εσω και εξω διαμερισματος δεν παρουσιαζουν παθολογικα ευρηματα.","existing NEGATION_TERMS, POSTPOSED_NEGATION_TERMS, NORMALITY_TERMS and stored spans"
other_implemented_negation,Lateral OA,spanish,v2_collective,tibiofemoral_compartments,abnormality_absent,3,3,3,no se observan lesiones condrales significativas de los compartimentos femorotibiales.,"existing NEGATION_TERMS, POSTPOSED_NEGATION_TERMS, NORMALITY_TERMS and stored spans"
other_implemented_negation,MCL,cyrillic_script,v2_collective,collateral_ligaments,abnormality_absent,1,1,1,няма данни за травматични изменения на колатералните лигаменти.,"existing NEGATION_TERMS, POSTPOSED_NEGATION_TERMS, NORMALITY_TERMS and stored spans"
other_implemented_negation,MCL,german,v2_exact,<no_explicit_rule>,abnormality_absent,1,1,1,"diffus flussigkeit entlang des mittleren bis distalen, nicht aufgetriebenen mcl bei erhaltener bandintegritat.","existing NEGATION_TERMS, POSTPOSED_NEGATION_TERMS, NORMALITY_TERMS and stored spans"
other_implemented_negation,MCL,greek_script,v2_collective,collateral_ligaments,abnormality_absent,7,7,7,απο τον ελεγχο του οπισθιου χιαστου και των πλαγιων συνδεσμων δεν παρατηρουνται αξιολογα ευρηματα.,"existing NEGATION_TERMS, POSTPOSED_NEGATION_TERMS, NORMALITY_TERMS and stored spans"
other_implemented_negation,MCL,greek_script,v2_collective,collateral_ligaments|cruciate_and_collateral_ligaments,abnormality_absent,7,6,7,οι χιαστοι και πλαγιοι συνδεσμοι δεν παρουσιαζουν παθολογικα ευρηματα.,"existing NEGATION_TERMS, POSTPOSED_NEGATION_TERMS, NORMALITY_TERMS and stored spans"
other_implemented_negation,MCL,south_slavic,v2_collective,collateral_ligaments,abnormality_absent,2,2,2,"kolateralni ligamenti su pimjerenog intenziteta signala, bez znakova rupture.","existing NEGATION_TERMS, POSTPOSED_NEGATION_TERMS, NORMALITY_TERMS and stored spans"
other_implemented_negation,MCL,spanish,v2_collective,cruciate_and_collateral_ligaments,abnormality_absent,2,2,2,ligamentos cruzados y colaterales sin lesiones significativas.,"existing NEGATION_TERMS, POSTPOSED_NEGATION_TERMS, NORMALITY_TERMS and stored spans"
other_implemented_negation,Medial Meniscus,cyrillic_script,v2_collective,both_menisci_negative_only,abnormality_absent,1,1,1,няма видимо скъсване на менискусите.,"existing NEGATION_TERMS, POSTPOSED_NEGATION_TERMS, NORMALITY_TERMS and stored spans"
other_implemented_negation,Medial Meniscus,cyrillic_script,v2_exact,<no_explicit_rule>,abnormality_absent,1,1,1,липсва част от задния рог на медиалния менискус наи вероятно част от менискуса е отстранен.,"existing NEGATION_TERMS, POSTPOSED_NEGATION_TERMS, NORMALITY_TERMS and stored spans"
other_implemented_negation,Medial Meniscus,english,v2_collective,both_menisci_negative_only,abnormality_absent,18,4,18,no internal derangement of the knee ligaments or menisci is identified.,"existing NEGATION_TERMS, POSTPOSED_NEGATION_TERMS, NORMALITY_TERMS and stored spans"
other_implemented_negation,Medial Meniscus,english,v2_exact,<no_explicit_rule>,abnormality_absent,1,1,1,medial meniscus: no discoid meniscus.,"existing NEGATION_TERMS, POSTPOSED_NEGATION_TERMS, NORMALITY_TERMS and stored spans"
other_implemented_negation,Medial Meniscus,german,v2_collective,both_menisci_negative_only,abnormality_absent,2,2,2,menisci ohne rissbildung oder mukoide degeneration.,"existing NEGATION_TERMS, POSTPOSED_NEGATION_TERMS, NORMALITY_TERMS and stored spans"
other_implemented_negation,Medial Meniscus,german,v2_exact,<no_explicit_rule>,abnormality_absent,1,1,1,keine menisceale rissbildung bei geringen signalanhebungen des innenmeniskus in pars intermedia (5 22).,"existing NEGATION_TERMS, POSTPOSED_NEGATION_TERMS, NORMALITY_TERMS and stored spans"
other_implemented_negation,Medial Meniscus,greek_script,v2_collective,both_menisci,abnormality_absent,1,1,1,οι μηνισκοι δεν παρουσιαζουν παθολογικα ευρηματα.,"existing NEGATION_TERMS, POSTPOSED_NEGATION_TERMS, NORMALITY_TERMS and stored spans"
other_implemented_negation,Medial Meniscus,greek_script,v2_exact,<no_explicit_rule>,abnormality_absent,1,1,1,χωρις παθολογια απο την απεικονιση του εσω μηνισκου και οπισθιου προσθιου χιαστου συνδεσμου.,"existing NEGATION_TERMS, POSTPOSED_NEGATION_TERMS, NORMALITY_TERMS and stored spans"
other_implemented_negation,Medial Meniscus,south_slavic,v2_collective,both_menisci,abnormality_absent,4,3,4,oba meniska su bez znakova degeneracije ili rupture.,"existing NEGATION_TERMS, POSTPOSED_NEGATION_TERMS, NORMALITY_TERMS and stored spans"
other_implemented_negation,Medial Meniscus,south_slavic,v2_collective,both_menisci_negative_only,abnormality_absent,4,4,4,"menisci bez znakova rupture, medijalni pocetno degenerativno promijenjen.","existing NEGATION_TERMS, POSTPOSED_NEGATION_TERMS, NORMALITY_TERMS and stored spans"
other_implemented_negation,Medial Meniscus,south_slavic,v2_exact,<no_explicit_rule>,abnormality_absent,1,1,1,"difuzno je povisen intenzitet signala intrasupstancijski u medijalnom i lateralnom menisku prvenstveno uslijed degenerativnih promjena, bez jasnih znakova rupture uz ekstruziju medijalnog meniska.","existing NEGATION_TERMS, POSTPOSED_NEGATION_TERMS, NORMALITY_TERMS and stored spans"
other_implemented_negation,Medial Meniscus,spanish,v2_collective,both_menisci|both_menisci_negative_only,abnormality_absent,1,1,1,"aumento de senal central del cuerno posterior de ambos meniscos que no impresiona contactar con la superficie articular, sin caracteres propios de rotura.","existing NEGATION_TERMS, POSTPOSED_NEGATION_TERMS, NORMALITY_TERMS and stored spans"
other_implemented_negation,Medial OA,english,v2_exact,<no_explicit_rule>,abnormality_absent,264,7,264,"in the medial compartment, the meniscus is not torn and there is no focal chondrosis or chondral injury.","existing NEGATION_TERMS, POSTPOSED_NEGATION_TERMS, NORMALITY_TERMS and stored spans"
other_implemented_negation,Medial OA,german,v2_exact,<no_explicit_rule>,abnormality_absent,3,3,3,"dorsomedial betonte, flachige, nicht vollschichtige ausdunnung des knorpels im medialen kompartiment.","existing NEGATION_TERMS, POSTPOSED_NEGATION_TERMS, NORMALITY_TERMS and stored spans"
other_implemented_negation,Medial OA,greek_script,v2_collective,tibiofemoral_compartments,abnormality_absent,5,5,5,"εξω μηνισκος, χιαστοι και πλαγιοι συνδεσμοι καθως και αρθρικος χονδρος εσω και εξω διαμερισματος δεν παρουσιαζουν παθολογικα ευρηματα.","existing NEGATION_TERMS, POSTPOSED_NEGATION_TERMS, NORMALITY_TERMS and stored spans"
other_implemented_negation,Medial OA,greek_script,v2_exact,<no_explicit_rule>,abnormality_absent,1,1,1,"απο τον ελεγχο του εσω διαμερισματος παρατηρειται εκφυλιση του μηνισκου χωρις ρηξη, παρουσια οστεοφυτων και μικρη διαβρωση του αρθρικου χονδρου.","existing NEGATION_TERMS, POSTPOSED_NEGATION_TERMS, NORMALITY_TERMS and stored spans"
other_implemented_negation,Medial OA,spanish,v2_collective,tibiofemoral_compartments,abnormality_absent,3,3,3,no se observan lesiones condrales significativas de los compartimentos femorotibiales.,"existing NEGATION_TERMS, POSTPOSED_NEGATION_TERMS, NORMALITY_TERMS and stored spans"
other_implemented_negation,PF OA,dutch,v2_exact,<no_explicit_rule>,abnormality_absent,19,3,19,geen majeure kraakbeendefecten patellofemoraal.,"existing NEGATION_TERMS, POSTPOSED_NEGATION_TERMS, NORMALITY_TERMS and stored spans"
other_implemented_negation,PF OA,english,v2_exact,<no_explicit_rule>,abnormality_absent,132,11,132,patellofemoral compartment: patellofemoral compartment cartilage: no focal full thickness cartilage defects.,"existing NEGATION_TERMS, POSTPOSED_NEGATION_TERMS, NORMALITY_TERMS and stored spans"
other_implemented_negation,PF OA,french,v2_exact,<no_explicit_rule>,abnormality_absent,1,1,1,"chondropatie moderee focale dans la gorge trochleaire, pas de chondropathie retropatellaire significative ni d'arthrose du compartiment femoropatellaire.","existing NEGATION_TERMS, POSTPOSED_NEGATION_TERMS, NORMALITY_TERMS and stored spans"
other_implemented_negation,PF OA,german,v2_exact,<no_explicit_rule>,abnormality_absent,16,9,16,lateral und femoropatellar keine tiefgreifende chondropathie.,"existing NEGATION_TERMS, POSTPOSED_NEGATION_TERMS, NORMALITY_TERMS and stored spans"
other_implemented_negation,PF OA,greek_script,v2_collective,tibiofemoral_compartments,abnormality_absent,2,2,2,ο αρθρικος χονδρος σε εσω και εξω διαμερισμα δεν παρουσιαζει διαβρωσεις.,"existing NEGATION_TERMS, POSTPOSED_NEGATION_TERMS, NORMALITY_TERMS and stored spans"
other_implemented_negation,PF OA,spanish,v2_collective,tibiofemoral_compartments,abnormality_absent,3,3,3,no se observan lesiones condrales significativas de los compartimentos femorotibiales.,"existing NEGATION_TERMS, POSTPOSED_NEGATION_TERMS, NORMALITY_TERMS and stored spans"
other_implemented_negation,Synovitis,english,v2_exact,<no_explicit_rule>,abnormality_absent,15,13,14,no synovial proliferation is noted.,"existing NEGATION_TERMS, POSTPOSED_NEGATION_TERMS, NORMALITY_TERMS and stored spans"
other_implemented_negation,Synovitis,latin_other,v2_exact,<no_explicit_rule>,abnormality_absent,2,2,2,"tiny suprapatellar effusion, with no intra articular bodies nor any overt synovitis.","existing NEGATION_TERMS, POSTPOSED_NEGATION_TERMS, NORMALITY_TERMS and stored spans"
other_implemented_negation,Synovitis,spanish,v2_exact,<no_explicit_rule>,abnormality_absent,4,4,4,no hay signos que sugieran derrame articular o sinovitis.,"existing NEGATION_TERMS, POSTPOSED_NEGATION_TERMS, NORMALITY_TERMS and stored spans"
postposed,ACL,english,v3_target,target_local_normality,normal_structure,1,1,1,the anterior cruciate ligament is intact there is no tibial translation.,"existing NEGATION_TERMS, POSTPOSED_NEGATION_TERMS, NORMALITY_TERMS and stored spans"
postposed,ACL,turkish,v3_target|v2_exact,target_local_association,abnormality_absent,1,1,1,on capraz bag hafifce odemli ancak yirtik yok.,"existing NEGATION_TERMS, POSTPOSED_NEGATION_TERMS, NORMALITY_TERMS and stored spans"
postposed,Baker's,english,v3_morphology,baker_variants,baker_cyst_absent,13,3,13,baker cyst: not seen.,"existing NEGATION_TERMS, POSTPOSED_NEGATION_TERMS, NORMALITY_TERMS and stored spans"
postposed,Effusion,english,v3_morphology,effusion_en_plural,joint_effusion_absent,10,8,9,joint effusion: none.,"existing NEGATION_TERMS, POSTPOSED_NEGATION_TERMS, NORMALITY_TERMS and stored spans"
postposed,Effusion,turkish,v3_morphology,effusion_tr_root,joint_effusion_absent,129,2,129,eklemde sivi artisi saptanmamistir.,"existing NEGATION_TERMS, POSTPOSED_NEGATION_TERMS, NORMALITY_TERMS and stored spans"
postposed,Fracture,english,v3_morphology,fracture_en,fracture_absent,4,2,2,findings: fractures: none.,"existing NEGATION_TERMS, POSTPOSED_NEGATION_TERMS, NORMALITY_TERMS and stored spans"
postposed,Fracture,french,v3_morphology,fracture_en|fracture_fr,fracture_absent,44,2,22,constatations : fractures : aucune.,"existing NEGATION_TERMS, POSTPOSED_NEGATION_TERMS, NORMALITY_TERMS and stored spans"
postposed,Fracture,spanish,v3_morphology,fracture_en,fracture_absent,3,3,2,fractura no desplazada del perone.,"existing NEGATION_TERMS, POSTPOSED_NEGATION_TERMS, NORMALITY_TERMS and stored spans"
postposed,Lateral Meniscus,english,v3_target,target_local_normality,normal_structure,1,1,1,the lateral meniscus is intact with no displaced or flipped fragments.,"existing NEGATION_TERMS, POSTPOSED_NEGATION_TERMS, NORMALITY_TERMS and stored spans"
postposed,Lateral Meniscus,spanish,v3_target|v2_exact,target_local_association,abnormality_absent,2,2,1,"aumento de senal del cuerno anterior, cuerpo y parte del cuerno posterior del menisco lateral que impresiona contactar la superficie articular inferior, sugieran una rotura, no desplazada.","existing NEGATION_TERMS, POSTPOSED_NEGATION_TERMS, NORMALITY_TERMS and stored spans"
postposed,Lateral OA,english,v3_target,compartment_scope,chondral_abnormality_absent,1,1,1,lateral compartment: mild chondrosis no significant meniscal tear.,"existing NEGATION_TERMS, POSTPOSED_NEGATION_TERMS, NORMALITY_TERMS and stored spans"
postposed,MCL,english,v3_target,target_local_normality,normal_structure,3,2,3,the mcl is intact medial meniscus is not torn.,"existing NEGATION_TERMS, POSTPOSED_NEGATION_TERMS, NORMALITY_TERMS and stored spans"
postposed,MCL,turkish,v3_target|v2_exact,target_local_association,abnormality_absent,1,1,1,ic yan bag derin ve yuzeyel komponentlerinde yirtik saptanmamistir.,"existing NEGATION_TERMS, POSTPOSED_NEGATION_TERMS, NORMALITY_TERMS and stored spans"
postposed,Medial Meniscus,english,v3_target|v2_exact,target_local_association,abnormality_absent,1,1,1,there is some linear nonsurfacing signal seen in the posterior horn extending into the posterior body of medial meniscus but a definite surfacing meniscal tear is not identified.,"existing NEGATION_TERMS, POSTPOSED_NEGATION_TERMS, NORMALITY_TERMS and stored spans"
postposed,Medial Meniscus,south_slavic,v3_target|v2_exact,target_local_association,abnormality_absent,1,1,1,"medijalni menisk pokazuje znakove intrasubstancijalne degeneracije, no bez sigurnih znakova rupture.","existing NEGATION_TERMS, POSTPOSED_NEGATION_TERMS, NORMALITY_TERMS and stored spans"
preposed,ACL,cyrillic_script,v3_target,target_local_association,abnormality_absent,2,1,2,артикулиращият хрущял на фемура и тибията е съхранен. без данни за руптура на предната кръстна връзка.,"existing NEGATION_TERMS, POSTPOSED_NEGATION_TERMS, NORMALITY_TERMS and stored spans"
preposed,ACL,cyrillic_script,v3_target|v2_exact,target_local_association,abnormality_absent,9,4,9,няма мр данни за руптура на предната кръстна връзка.,"existing NEGATION_TERMS, POSTPOSED_NEGATION_TERMS, NORMALITY_TERMS and stored spans"
preposed,ACL,dutch,v3_target|v2_exact,target_local_association,abnormality_absent,1,1,1,"proximale patellapeestendinose (nabij de patella onderpool, centraal gedeelte) (serie 10, beeld 25) geen scheur beperkte tot milde muco ide degeneratie voorste kruisband, verder geen bijzonderheden .","existing NEGATION_TERMS, POSTPOSED_NEGATION_TERMS, NORMALITY_TERMS and stored spans"
preposed,ACL,english,v3_target,target_local_association,abnormality_absent,4,3,4,"> the contour of acl & pcl and mcl appear to be within normal, no abnormal signal intensity is noted.","existing NEGATION_TERMS, POSTPOSED_NEGATION_TERMS, NORMALITY_TERMS and stored spans"
preposed,ACL,english,v3_target,target_local_normality,normal_structure,1,1,1,"> there is no increased intensity in the acl, mcl and lcl, it appears to be normal","existing NEGATION_TERMS, POSTPOSED_NEGATION_TERMS, NORMALITY_TERMS and stored spans"
preposed,ACL,english,v3_target|v2_exact,target_local_association,abnormality_absent,116,24,113,"> the contour of acl appears to be within normal, no abnormal signal intensity is noted.","existing NEGATION_TERMS, POSTPOSED_NEGATION_TERMS, NORMALITY_TERMS and stored spans"
preposed,ACL,french,v3_target|v2_exact,target_local_association,abnormality_absent,4,4,3,le ligament croise anterieur ne demontre pas de dechirure.,"existing NEGATION_TERMS, POSTPOSED_NEGATION_TERMS, NORMALITY_TERMS and stored spans"
preposed,ACL,greek_script,v3_target|v2_exact,target_local_association,abnormality_absent,4,4,4,"ευρηματα ∆ιαχυτα παθολογικο σημα εντος των ινων του προσθιου χιαστου συνδεσμου, χωρις ασυνεχεια, συνηγορει για μυξοειδη εκφυλιση.","existing NEGATION_TERMS, POSTPOSED_NEGATION_TERMS, NORMALITY_TERMS and stored spans"
preposed,ACL,south_slavic,v3_target,target_local_association,abnormality_absent,5,4,5,"prednji i straznji krizni ligament primjerenih intenziteta signala, bez znakova rupture.","existing NEGATION_TERMS, POSTPOSED_NEGATION_TERMS, NORMALITY_TERMS and stored spans"
preposed,ACL,south_slavic,v3_target|v2_exact,target_local_association,abnormality_absent,8,8,8,"prednji krizni ligament je edematozan, bez znakova njegove rupture distenzija.","existing NEGATION_TERMS, POSTPOSED_NEGATION_TERMS, NORMALITY_TERMS and stored spans"
preposed,ACL,spanish,v3_target,target_local_association,abnormality_absent,5,3,5,"hallazgos: transformacion quistica parcial del lca, sin signos de rotura.","existing NEGATION_TERMS, POSTPOSED_NEGATION_TERMS, NORMALITY_TERMS and stored spans"
preposed,ACL,spanish,v3_target|v2_exact,target_local_association,abnormality_absent,20,11,17,"aumento de senal del lca, de manera difusa, sin criterios categoricos de rotura.","existing NEGATION_TERMS, POSTPOSED_NEGATION_TERMS, NORMALITY_TERMS and stored spans"
preposed,ACL,turkish,v3_target|v2_exact,target_local_association,abnormality_absent,1,1,1,anterior capraz bag izlenmedi (total ruptur).,"existing NEGATION_TERMS, POSTPOSED_NEGATION_TERMS, NORMALITY_TERMS and stored spans"
preposed,Baker's,dutch,v3_morphology,baker_nl|baker_variants,baker_cyst_absent,1,1,1,"scan protocol (drb) : sag intermediair gewogen seq zonder en met fs, ax cor pd gewogen seq fs, cor t1 gewogen seq bevindingen: geen opzetting van suprapatellaire bursa doch evenwel een (niet met ruptuur verwikkelde baker cyste ) multiloculaire t2 hyperintense structuur posterieur van de achterste kruisband (nabij de tibiale insertie interface posterieure capsuloligamentaire structuren) : ganglioncyste, afmetingen 1,9 x 1,2 x 0,6 ~cm.","existing NEGATION_TERMS, POSTPOSED_NEGATION_TERMS, NORMALITY_TERMS and stored spans"
preposed,Baker's,english,v3_morphology,baker_variants,baker_cyst_absent,247,18,247,no baker's cyst.,"existing NEGATION_TERMS, POSTPOSED_NEGATION_TERMS, NORMALITY_TERMS and stored spans"
preposed,Baker's,german,v3_morphology,baker_variants,baker_cyst_absent,3,3,3,keine grossere baker zyste.,"existing NEGATION_TERMS, POSTPOSED_NEGATION_TERMS, NORMALITY_TERMS and stored spans"
preposed,Baker's,latin_other,v3_morphology,baker_variants,baker_cyst_absent,1,1,1,no baker's cyst formation.,"existing NEGATION_TERMS, POSTPOSED_NEGATION_TERMS, NORMALITY_TERMS and stored spans"
preposed,Baker's,south_slavic,v3_morphology,baker_sl,baker_cyst_absent,76,12,74,ne nalazi se poplitealne (bakerove) ciste.,"existing NEGATION_TERMS, POSTPOSED_NEGATION_TERMS, NORMALITY_TERMS and stored spans"
preposed,Contusion,english,v3_morphology,contusion_en,bone_contusion_absent,408,16,406,there is no fracture or bone contusion.,"existing NEGATION_TERMS, POSTPOSED_NEGATION_TERMS, NORMALITY_TERMS and stored spans"
preposed,Contusion,german,v3_morphology,contusion_en,bone_contusion_absent,41,19,41,kein knochenmarksodem oder bone bruise.,"existing NEGATION_TERMS, POSTPOSED_NEGATION_TERMS, NORMALITY_TERMS and stored spans"
preposed,Effusion,english,v3_morphology,effusion_en_plural,joint_effusion_absent,437,59,405,no knee effusion is present.,"existing NEGATION_TERMS, POSTPOSED_NEGATION_TERMS, NORMALITY_TERMS and stored spans"
preposed,Effusion,german,v3_morphology,effusion_de_root,joint_effusion_absent,41,16,41,kein relevanter gelenkerguss.,"existing NEGATION_TERMS, POSTPOSED_NEGATION_TERMS, NORMALITY_TERMS and stored spans"
preposed,Effusion,greek_script,v3_morphology,effusion_el_root,joint_effusion_absent,40,17,32,ευρηματα χωρις ενδαρθρικη συλλογη υγρου.,"existing NEGATION_TERMS, POSTPOSED_NEGATION_TERMS, NORMALITY_TERMS and stored spans"
preposed,Effusion,latin_other,v3_morphology,effusion_en_plural,joint_effusion_absent,2,2,2,no residual joint effusion or marrow contusions are demonstrated.,"existing NEGATION_TERMS, POSTPOSED_NEGATION_TERMS, NORMALITY_TERMS and stored spans"
preposed,Fracture,cyrillic_script,v3_morphology,fracture_cyr,fracture_absent,10,7,9,няма данни за фрактура на костите формиращи колянната става.,"existing NEGATION_TERMS, POSTPOSED_NEGATION_TERMS, NORMALITY_TERMS and stored spans"
preposed,Fracture,english,v3_morphology,fracture_en,fracture_absent,495,59,476,there is no fracture or bone contusion.,"existing NEGATION_TERMS, POSTPOSED_NEGATION_TERMS, NORMALITY_TERMS and stored spans"
preposed,Fracture,french,v3_morphology,fracture_en|fracture_fr,fracture_absent,7,7,6,il n'y a pas de fracture.,"existing NEGATION_TERMS, POSTPOSED_NEGATION_TERMS, NORMALITY_TERMS and stored spans"
preposed,Fracture,german,v3_morphology,fracture_de,fracture_absent,49,18,48,keine frische fraktur.,"existing NEGATION_TERMS, POSTPOSED_NEGATION_TERMS, NORMALITY_TERMS and stored spans"
preposed,Fracture,greek_script,v3_morphology,fracture_el,fracture_absent,2,2,2,"παρατηρειται περιοχη οστικου οιδηματος στο κατω πολο της επιγονατιδας, που σε συνδυασμο με το αναφερομενο ιστορικο κακωσης αποδιδεται σε οστικο μωλωπα (bone bruise) χωρις αναδειξη καταγματος.","existing NEGATION_TERMS, POSTPOSED_NEGATION_TERMS, NORMALITY_TERMS and stored spans"
preposed,Fracture,latin_other,v3_morphology,fracture_en,fracture_absent,3,1,3,no fracture or marrow infiltration.,"existing NEGATION_TERMS, POSTPOSED_NEGATION_TERMS, NORMALITY_TERMS and stored spans"
preposed,Fracture,south_slavic,v3_morphology,fracture_sl,fracture_absent,3,3,3,"kostani edem femura i straznjeg dijela tibije po tipu pivot shift kontuzije, bez znakova frakture.","existing NEGATION_TERMS, POSTPOSED_NEGATION_TERMS, NORMALITY_TERMS and stored spans"
preposed,Fracture,spanish,v3_morphology,fracture_en,fracture_absent,5,5,4,edema oseo periferico del platillo tibial medial sin fracturas categoricas.,"existing NEGATION_TERMS, POSTPOSED_NEGATION_TERMS, NORMALITY_TERMS and stored spans"
preposed,Lateral Meniscus,cyrillic_script,v3_target|v2_exact,target_local_association,abnormality_absent,1,1,1,"дегенеративни промени се откриват и в прения рог на латералния менискус, без видимо скъсване в него.","existing NEGATION_TERMS, POSTPOSED_NEGATION_TERMS, NORMALITY_TERMS and stored spans"
preposed,Lateral Meniscus,dutch,v3_target|v2_exact,target_local_association,abnormality_absent,2,2,2,"verder: normale configuratie signaalalteraties van de mediale en de laterale meniscus, geen meniscusscheur te weerhouden.","existing NEGATION_TERMS, POSTPOSED_NEGATION_TERMS, NORMALITY_TERMS and stored spans"
preposed,Lateral Meniscus,english,v3_target,target_local_association,abnormality_absent,1,1,1,lateral meniscus: contusion at posterior horn; without definite tear,"existing NEGATION_TERMS, POSTPOSED_NEGATION_TERMS, NORMALITY_TERMS and stored spans"
preposed,Lateral Meniscus,english,v3_target|v2_collective,both_menisci_negative_only|target_local_association,abnormality_absent,1,1,1,the medial & lateral menisci show no obvious tear.,"existing NEGATION_TERMS, POSTPOSED_NEGATION_TERMS, NORMALITY_TERMS and stored spans"
preposed,Lateral Meniscus,english,v3_target|v2_collective,both_menisci|both_menisci_negative_only|target_local_association,abnormality_absent,3,2,3,"normal shape and signal of the medial and lateral menisci, without tear, is noted","existing NEGATION_TERMS, POSTPOSED_NEGATION_TERMS, NORMALITY_TERMS and stored spans"
preposed,Lateral Meniscus,english,v3_target|v2_exact,target_local_association,abnormality_absent,174,36,171,> no evidence of tear is noted in either medial or lateral meniscus.,"existing NEGATION_TERMS, POSTPOSED_NEGATION_TERMS, NORMALITY_TERMS and stored spans"
preposed,Lateral Meniscus,french,v3_target|v2_exact,target_local_association,abnormality_absent,14,11,13,le menisque externe de meme que le complexe ligamentaire collateral externe sont intacts et sans dechirure.,"existing NEGATION_TERMS, POSTPOSED_NEGATION_TERMS, NORMALITY_TERMS and stored spans"
preposed,Lateral Meniscus,german,v3_target,target_local_normality,normal_structure,1,1,1,innen und aussenmeniskus jeweils ohne rissbildung in unauffalliger konfiguration.,"existing NEGATION_TERMS, POSTPOSED_NEGATION_TERMS, NORMALITY_TERMS and stored spans"
preposed,Lateral Meniscus,german,v3_target|v2_exact,target_local_association,abnormality_absent,2,2,2,aussenmeniskus gering mukoid ohne riss.,"existing NEGATION_TERMS, POSTPOSED_NEGATION_TERMS, NORMALITY_TERMS and stored spans"
preposed,Lateral Meniscus,greek_script,v3_target,target_local_normality,normal_structure,3,3,2,"χωρις εικονα ρηξης ελεγχεται ο ιγνυοπερονιαιος, εξω πλαγιος και ο οπισθιος χιαστος συνδεσμος. χωρις παθολογικα ευρηματα απο τη μελετη του εσω και εξω μηνισκου.","existing NEGATION_TERMS, POSTPOSED_NEGATION_TERMS, NORMALITY_TERMS and stored spans"
preposed,Lateral Meniscus,latin_other,v3_target|v2_exact,target_local_association,abnormality_absent,6,4,6,there are no medial or lateral meniscal tears.,"existing NEGATION_TERMS, POSTPOSED_NEGATION_TERMS, NORMALITY_TERMS and stored spans"
preposed,Lateral Meniscus,south_slavic,v3_target,target_local_association,abnormality_absent,4,4,4,"edem posterolateralne zglobne cahure, bez evidentne meniskokapsularne separacije. bez znakova rupture lateralnog meniska.","existing NEGATION_TERMS, POSTPOSED_NEGATION_TERMS, NORMALITY_TERMS and stored spans"
preposed,Lateral Meniscus,south_slavic,v3_target|v2_exact,target_local_association,abnormality_absent,129,27,129,lateralni menisk bez znakova degeneracije ili rupture.,"existing NEGATION_TERMS, POSTPOSED_NEGATION_TERMS, NORMALITY_TERMS and stored spans"
preposed,Lateral Meniscus,spanish,v3_target|v2_exact,target_local_association,abnormality_absent,120,35,118,"menisco lateral de morfologia y senal conservada, sin signos de rotura.","existing NEGATION_TERMS, POSTPOSED_NEGATION_TERMS, NORMALITY_TERMS and stored spans"
preposed,Lateral OA,dutch,v3_target,compartment_scope,chondral_abnormality_absent,26,4,26,geen majeure kraakbeendefecten lateraal femorotibiaal .,"existing NEGATION_TERMS, POSTPOSED_NEGATION_TERMS, NORMALITY_TERMS and stored spans"
preposed,Lateral OA,english,v3_target,compartment_scope,chondral_abnormality_absent,283,9,283,"the lateral compartment, the meniscus is not torn and there is no focal chondrosis or chondral injury.","existing NEGATION_TERMS, POSTPOSED_NEGATION_TERMS, NORMALITY_TERMS and stored spans"
preposed,Lateral OA,german,v3_target,compartment_scope,chondral_abnormality_absent,9,8,9,keine wesentliche chondropathie femoro tibial im medialen und lateralen kompartiment oder retropatellar.,"existing NEGATION_TERMS, POSTPOSED_NEGATION_TERMS, NORMALITY_TERMS and stored spans"
preposed,Lateral OA,greek_script,v3_target,compartment_scope,chondral_abnormality_absent,3,3,3,"στο εξω διαμερισμα του γονατος δεν παρατηρειται μηνισκικη μαζα ενω σημειουται λεπτυνση του αρθρικου χονδρου, παρουσια επιχειλιων οστεοφυτων, μικρης εστιας υπαρθρικου οστεομυελικου οιδηματος στην κνημιαια επιφυση με υδραρθρο.","existing NEGATION_TERMS, POSTPOSED_NEGATION_TERMS, NORMALITY_TERMS and stored spans"
preposed,MCL,dutch,v3_target|v2_exact,target_local_association,abnormality_absent,1,1,1,geen argumenten voor recidief scheur mcl.,"existing NEGATION_TERMS, POSTPOSED_NEGATION_TERMS, NORMALITY_TERMS and stored spans"
preposed,MCL,english,v3_target,target_local_normality,normal_structure,2,2,2,"> there is no increased intensity in the acl, mcl and lcl, it appears to be normal","existing NEGATION_TERMS, POSTPOSED_NEGATION_TERMS, NORMALITY_TERMS and stored spans"
preposed,MCL,english,v3_target|v2_exact,target_local_association,abnormality_absent,17,16,16,"> the contour of pcl, mcl and lcl within normal, no abnormal signal intensity is noted.","existing NEGATION_TERMS, POSTPOSED_NEGATION_TERMS, NORMALITY_TERMS and stored spans"
preposed,MCL,french,v3_target|v2_exact,target_local_association,abnormality_absent,13,9,13,le menisque interne de meme que le ligament collateral interne sont intacts et sans dechirure.,"existing NEGATION_TERMS, POSTPOSED_NEGATION_TERMS, NORMALITY_TERMS and stored spans"
preposed,MCL,south_slavic,v3_target,target_local_association,abnormality_absent,2,2,2,"lateralni i medijalno kolateralni ligament se prate u kontinuitetu, odrzane napetosti, bez znakova rupture.","existing NEGATION_TERMS, POSTPOSED_NEGATION_TERMS, NORMALITY_TERMS and stored spans"
preposed,MCL,south_slavic,v3_target|v2_exact,target_local_association,abnormality_absent,27,25,27,"medijalni kolateralni ligament je smanjene napetosti, no bez evidentne rupture.","existing NEGATION_TERMS, POSTPOSED_NEGATION_TERMS, NORMALITY_TERMS and stored spans"
preposed,MCL,spanish,v3_target|v2_exact,target_local_association,abnormality_absent,1,1,1,"leve engrosamiento de senal intermedia del componente superficial del ligamento colateral medial en su tercio proximal, sin signos de rotura.","existing NEGATION_TERMS, POSTPOSED_NEGATION_TERMS, NORMALITY_TERMS and stored spans"
preposed,Medial Meniscus,cyrillic_script,v3_target|v2_exact,target_local_association,abnormality_absent,3,3,3,"вижда се дегенеративна промяна в задния рог на медиалния менискус, без данни за руптура.","existing NEGATION_TERMS, POSTPOSED_NEGATION_TERMS, NORMALITY_TERMS and stored spans"
preposed,Medial Meniscus,dutch,v3_target|v2_exact,target_local_association,abnormality_absent,1,1,1,"bevindingen: niet transfixerende radiaire scheur op de junctie van de corpus en de posterieure hoorn van de mediale meniscus, 4 ~mm.","existing NEGATION_TERMS, POSTPOSED_NEGATION_TERMS, NORMALITY_TERMS and stored spans"
preposed,Medial Meniscus,english,v3_target,target_local_association,abnormality_absent,1,1,1,"no meniscal tears appreciated either medially or laterally, there is no posteromedial meniscocapsular separation either.","existing NEGATION_TERMS, POSTPOSED_NEGATION_TERMS, NORMALITY_TERMS and stored spans"
preposed,Medial Meniscus,english,v3_target,target_local_normality,normal_structure,1,1,1,"> there is no abnormal intensity or articular surface disrupt in the medial meniscus, it appears to be normal.","existing NEGATION_TERMS, POSTPOSED_NEGATION_TERMS, NORMALITY_TERMS and stored spans"
preposed,Medial Meniscus,english,v3_target|v2_exact,target_local_association,abnormality_absent,56,25,55,no mr evidence for medial meniscal tear.,"existing NEGATION_TERMS, POSTPOSED_NEGATION_TERMS, NORMALITY_TERMS and stored spans"
preposed,Medial Meniscus,french,v3_target|v2_exact,target_local_association,abnormality_absent,4,4,4,le menisque interne ne demontre pas de dechirure significative ou toute autre anomalie.,"existing NEGATION_TERMS, POSTPOSED_NEGATION_TERMS, NORMALITY_TERMS and stored spans"
preposed,Medial Meniscus,german,v3_target|v2_exact,target_local_association,abnormality_absent,1,1,1,"menisci: diffuse signalanhebung des innenmeniskus hinterhornes ohne rissbildung, in erster linie mukoide degeneration.","existing NEGATION_TERMS, POSTPOSED_NEGATION_TERMS, NORMALITY_TERMS and stored spans"
preposed,Medial Meniscus,greek_script,v3_target|v2_exact,target_local_association,abnormality_absent,4,4,4,επανελεγχεται χωρις διαφοροποιηση η λοξη οριζοντια ρηξη του σωματος του εσω μηνισκου σε εδαφος εκφυλισης.,"existing NEGATION_TERMS, POSTPOSED_NEGATION_TERMS, NORMALITY_TERMS and stored spans"
preposed,Medial Meniscus,latin_other,v3_target|v2_exact,target_local_association,abnormality_absent,1,1,1,medijalni menisk bez znakova rupture i degeneracije.,"existing NEGATION_TERMS, POSTPOSED_NEGATION_TERMS, NORMALITY_TERMS and stored spans"
preposed,Medial Meniscus,south_slavic,v3_target|v2_exact,target_local_association,abnormality_absent,62,13,62,medijalni menisk bez znakova degeneracije ili rupture.,"existing NEGATION_TERMS, POSTPOSED_NEGATION_TERMS, NORMALITY_TERMS and stored spans"
preposed,Medial Meniscus,spanish,v3_target|v2_exact,target_local_association,abnormality_absent,97,53,92,"aumento de senal del cuerno posterior del menisco medial que no impresiona contactar con la superficie articular, sin caracteres propios de rotura.","existing NEGATION_TERMS, POSTPOSED_NEGATION_TERMS, NORMALITY_TERMS and stored spans"
preposed,Medial OA,dutch,v3_target,compartment_scope,chondral_abnormality_absent,23,3,23,geen majeure kraakbeendefecten mediaal en lateraal femorotibiaal.,"existing NEGATION_TERMS, POSTPOSED_NEGATION_TERMS, NORMALITY_TERMS and stored spans"
preposed,Medial OA,english,v3_target,compartment_scope,chondral_abnormality_absent,267,8,267,"in the medial compartment, the meniscus is not torn and there is no focal chondrosis or chondral injury.","existing NEGATION_TERMS, POSTPOSED_NEGATION_TERMS, NORMALITY_TERMS and stored spans"
preposed,Medial OA,german,v3_target,compartment_scope,chondral_abnormality_absent,4,4,4,"diskrete oberflachliche chondropathie retropatellar sowie femorotibial medial, keine tiefergreifenden knorpelschaden.","existing NEGATION_TERMS, POSTPOSED_NEGATION_TERMS, NORMALITY_TERMS and stored spans"
preposed,Medial OA,greek_script,v3_target,compartment_scope,chondral_abnormality_absent,1,1,1,"απο τον ελεγχο του εσω διαμερισματος παρατηρειται εκφυλιση του μηνισκου χωρις ρηξη, παρουσια οστεοφυτων και μικρη διαβρωση του αρθρικου χονδρου.","existing NEGATION_TERMS, POSTPOSED_NEGATION_TERMS, NORMALITY_TERMS and stored spans"
preposed,PF OA,cyrillic_script,v3_target,compartment_scope,chondral_abnormality_absent,1,1,1,"патела, хрущял на пателата нормален мр образ, без данни за хондромалация.","existing NEGATION_TERMS, POSTPOSED_NEGATION_TERMS, NORMALITY_TERMS and stored spans"
preposed,PF OA,dutch,v3_target,compartment_scope,chondral_abnormality_absent,19,3,19,geen majeure kraakbeendefecten patellofemoraal.,"existing NEGATION_TERMS, POSTPOSED_NEGATION_TERMS, NORMALITY_TERMS and stored spans"
preposed,PF OA,english,v3_target,compartment_scope,chondral_abnormality_absent,229,21,227,"the patellofemoral joint, the patellar and trochlear cartilage appears congruent without chondral lesion.","existing NEGATION_TERMS, POSTPOSED_NEGATION_TERMS, NORMALITY_TERMS and stored spans"
preposed,PF OA,french,v3_target,compartment_scope,chondral_abnormality_absent,1,1,1,"chondropatie moderee focale dans la gorge trochleaire, pas de chondropathie retropatellaire significative ni d'arthrose du compartiment femoropatellaire.","existing NEGATION_TERMS, POSTPOSED_NEGATION_TERMS, NORMALITY_TERMS and stored spans"
preposed,PF OA,german,v3_target,compartment_scope,chondral_abnormality_absent,22,15,22,lateral und femoropatellar keine tiefgreifende chondropathie.,"existing NEGATION_TERMS, POSTPOSED_NEGATION_TERMS, NORMALITY_TERMS and stored spans"
preposed,PF OA,greek_script,v3_target,compartment_scope,chondral_abnormality_absent,2,2,2,"ο αρθρικοι χονδροι ελεγχονται φυσιολογικοι αμφοτεροπλευρα, χωρις να παρατηρουνται στοιχεια συμβατα με χονδροπαθεια της επιγονατιδας.","existing NEGATION_TERMS, POSTPOSED_NEGATION_TERMS, NORMALITY_TERMS and stored spans"
preposed,PF OA,south_slavic,v3_target,compartment_scope,chondral_abnormality_absent,1,1,1,hrskavicni pokrov patelarnih faseta i trohlee femura je bez znakova hondromalacije.,"existing NEGATION_TERMS, POSTPOSED_NEGATION_TERMS, NORMALITY_TERMS and stored spans"
preposed,PF OA,spanish,v3_target,compartment_scope,chondral_abnormality_absent,7,7,7,cartilago femorotibial y patelofemoral de grosor y senal normal sin defectos condrales profundos.,"existing NEGATION_TERMS, POSTPOSED_NEGATION_TERMS, NORMALITY_TERMS and stored spans"
preposed,Synovitis,german,v3_morphology,synovitis_de,synovitis_absent,1,1,1,keine synovialen proliferationen.,"existing NEGATION_TERMS, POSTPOSED_NEGATION_TERMS, NORMALITY_TERMS and stored spans"
