phenotype,propositions,unique_studies,selected_pair_participations,selected_winning_pair_participations,targets,statuses,detectors,languages,rules
abnormality_absent,13031,3515,12396,12213,"[""ACL"", ""Baker's"", ""Contusion"", ""Effusion"", ""Fracture"", ""Lateral Meniscus"", ""Lateral OA"", ""MCL"", ""Medial Meniscus"", ""Medial OA"", ""PF OA"", ""Synovitis""]","[""negative""]","[""v2_collective"", ""v2_exact"", ""v3_target""]","[""cyrillic_script"", ""dutch"", ""english"", ""french"", ""german"", ""greek_script"", ""latin_other"", ""south_slavic"", ""spanish"", ""turkish""]","[""both_menisci"", ""both_menisci_negative_only"", ""collateral_ligaments"", ""cruciate_and_collateral_ligaments"", ""cruciate_ligaments"", ""target_local_association"", ""tibiofemoral_compartments""]"
abnormality,6302,2896,4018,4011,"[""ACL"", ""Baker's"", ""Contusion"", ""Effusion"", ""Fracture"", ""Lateral Meniscus"", ""Lateral OA"", ""MCL"", ""Medial Meniscus"", ""Medial OA"", ""PF OA"", ""Synovitis""]","[""positive"", ""uncertain""]","[""v2_collective"", ""v2_exact"", ""v3_target""]","[""cyrillic_script"", ""dutch"", ""english"", ""french"", ""german"", ""greek_script"", ""latin_other"", ""south_slavic"", ""spanish"", ""turkish""]","[""target_local_association"", ""tibiofemoral_compartments""]"
tear,4757,2080,2951,2939,"[""ACL"", ""Baker's"", ""Contusion"", ""Effusion"", ""Lateral Meniscus"", ""Lateral OA"", ""MCL"", ""Medial Meniscus"", ""Medial OA"", ""PF OA"", ""Synovitis""]","[""positive"", ""uncertain""]","[""v2_collective"", ""v2_exact"", ""v3_morphology"", ""v3_target""]","[""cyrillic_script"", ""dutch"", ""english"", ""french"", ""german"", ""greek_script"", ""latin_other"", ""south_slavic"", ""spanish"", ""turkish""]","[""both_menisci"", ""compartment_scope"", ""effusion_tr_root"", ""lateral_and_patellofemoral_compartments"", ""target_local_association"", ""tibiofemoral_compartments""]"
normal_structure,4496,2274,4444,4357,"[""ACL"", ""Lateral Meniscus"", ""MCL"", ""Medial Meniscus""]","[""negative""]","[""v3_target""]","[""cyrillic_script"", ""dutch"", ""english"", ""french"", ""german"", ""greek_script"", ""latin_other"", ""south_slavic"", ""spanish"", ""turkish""]","[""target_local_normality""]"
chondral_abnormality,2894,1375,2064,2064,"[""Baker's"", ""Contusion"", ""Effusion"", ""Fracture"", ""Lateral Meniscus"", ""Lateral OA"", ""MCL"", ""Medial Meniscus"", ""Medial OA"", ""PF OA"", ""Synovitis""]","[""positive"", ""uncertain""]","[""v2_collective"", ""v2_exact"", ""v3_target""]","[""cyrillic_script"", ""dutch"", ""english"", ""french"", ""german"", ""greek_script"", ""latin_other"", ""south_slavic"", ""spanish"", ""turkish""]","[""compartment_scope"", ""lateral_and_patellofemoral_compartments"", ""tibiofemoral_compartments""]"
joint_effusion,1998,1553,1549,1549,"[""Effusion""]","[""positive"", ""uncertain""]","[""v3_morphology""]","[""english"", ""german"", ""greek_script"", ""turkish""]","[""effusion_de_root"", ""effusion_el_root"", ""effusion_en_plural"", ""effusion_tr_root""]"
degeneration,1715,1030,1344,1343,"[""ACL"", ""Baker's"", ""Contusion"", ""Effusion"", ""Lateral Meniscus"", ""Lateral OA"", ""MCL"", ""Medial Meniscus"", ""Medial OA"", ""PF OA"", ""Synovitis""]","[""positive"", ""uncertain""]","[""v2_collective"", ""v2_exact"", ""v3_target""]","[""cyrillic_script"", ""dutch"", ""english"", ""french"", ""german"", ""greek_script"", ""latin_other"", ""south_slavic"", ""spanish"", ""turkish""]","[""both_menisci"", ""compartment_scope"", ""target_local_association"", ""tibiofemoral_compartments""]"
baker_cyst,939,737,734,734,"[""Baker's""]","[""positive"", ""uncertain""]","[""v3_morphology""]","[""dutch"", ""english"", ""greek_script"", ""south_slavic""]","[""baker_el"", ""baker_nl"", ""baker_sl"", ""baker_variants""]"
chondral_abnormality_absent,935,485,930,897,"[""Lateral OA"", ""Medial OA"", ""PF OA""]","[""negative""]","[""v3_target""]","[""cyrillic_script"", ""dutch"", ""english"", ""french"", ""german"", ""greek_script"", ""south_slavic"", ""spanish""]","[""compartment_scope""]"
normal_cartilage,868,729,858,802,"[""Lateral OA"", ""Medial OA"", ""PF OA""]","[""negative""]","[""v3_target""]","[""cyrillic_script"", ""dutch"", ""english"", ""french"", ""german"", ""greek_script"", ""latin_other"", ""south_slavic"", ""spanish"", ""turkish""]","[""compartment_normality""]"
joint_effusion_absent,676,631,629,617,"[""Effusion""]","[""negative""]","[""v3_morphology""]","[""english"", ""german"", ""greek_script"", ""turkish""]","[""effusion_de_root"", ""effusion_el_root"", ""effusion_en_plural"", ""effusion_tr_root""]"
fracture,651,294,318,318,"[""ACL"", ""Contusion"", ""Effusion"", ""Fracture"", ""Lateral OA"", ""MCL"", ""Medial Meniscus"", ""Medial OA"", ""PF OA"", ""Synovitis""]","[""positive"", ""uncertain""]","[""v2_exact"", ""v3_morphology""]","[""cyrillic_script"", ""english"", ""french"", ""german"", ""greek_script"", ""latin_other"", ""south_slavic"", ""spanish"", ""turkish""]","[""fracture_cyr"", ""fracture_de"", ""fracture_el"", ""fracture_en"", ""fracture_fr"", ""fracture_sl"", ""fracture_tr""]"
fracture_absent,647,589,589,577,"[""Fracture""]","[""negative""]","[""v3_morphology""]","[""cyrillic_script"", ""english"", ""french"", ""german"", ""greek_script"", ""south_slavic""]","[""fracture_cyr"", ""fracture_de"", ""fracture_el"", ""fracture_en"", ""fracture_fr"", ""fracture_sl""]"
bone_contusion,486,327,325,323,"[""Contusion""]","[""positive"", ""uncertain""]","[""v3_morphology""]","[""cyrillic_script"", ""english"", ""greek_script"", ""south_slavic"", ""turkish""]","[""contusion_cyr"", ""contusion_el"", ""contusion_en"", ""contusion_sl"", ""contusion_tr""]"
bone_contusion_absent,456,454,454,447,"[""Contusion""]","[""negative""]","[""v3_morphology""]","[""english"", ""greek_script""]","[""contusion_el"", ""contusion_en""]"
sprain,368,253,267,266,"[""ACL"", ""Baker's"", ""Contusion"", ""Lateral Meniscus"", ""MCL"", ""Medial Meniscus"", ""Synovitis""]","[""positive"", ""uncertain""]","[""v2_collective"", ""v2_exact"", ""v3_target""]","[""dutch"", ""english"", ""greek_script"", ""latin_other"", ""south_slavic"", ""spanish"", ""turkish""]","[""both_menisci"", ""target_local_association""]"
baker_cyst_absent,344,342,342,339,"[""Baker's""]","[""negative""]","[""v3_morphology""]","[""dutch"", ""english"", ""south_slavic""]","[""baker_nl"", ""baker_sl"", ""baker_variants""]"
extrusion,93,80,65,65,"[""Effusion"", ""Lateral Meniscus"", ""MCL"", ""Medial Meniscus""]","[""positive"", ""uncertain""]","[""v2_exact"", ""v3_target""]","[""dutch"", ""english"", ""french"", ""german"", ""greek_script"", ""south_slavic"", ""spanish"", ""turkish""]","[""target_local_association""]"
synovitis,80,64,64,64,"[""Synovitis""]","[""positive"", ""uncertain""]","[""v3_morphology""]","[""german"", ""greek_script"", ""south_slavic"", ""turkish""]","[""synovitis_de"", ""synovitis_el"", ""synovitis_sl"", ""synovitis_tr""]"
avulsion,74,33,21,20,"[""ACL"", ""Fracture"", ""Lateral Meniscus"", ""MCL"", ""Medial Meniscus""]","[""positive"", ""uncertain""]","[""v2_collective"", ""v2_exact"", ""v3_target""]","[""english"", ""french"", ""latin_other"", ""spanish""]","[""both_menisci"", ""target_local_association""]"
synovitis_absent,1,1,1,1,"[""Synovitis""]","[""negative""]","[""v3_morphology""]","[""german""]","[""synovitis_de""]"
